Protocol,t_gpio_ms,t_crypto_ms,t_net_ms,t_total_ms
Standard,0.0,0.4642999997486186,0.4364999999779684,0.900799999726587
Standard,0.0,0.014599999758502236,0.20370000038383296,0.2183000001423352
Standard,0.0,0.011699999959091656,0.1708999998299987,0.18259999978909036
Standard,0.0,0.011199999789823778,0.17379999962940929,0.18499999941923306
Standard,0.0,0.01160000010713702,0.11560000029930961,0.12720000040644663
Standard,0.0,0.013300000318849925,0.18380000028628274,0.19710000060513266
Standard,0.0,0.012900000001536682,0.14800000008108327,0.16090000008261995
Standard,0.0,0.006600000233447645,0.15680000024076435,0.163400000474212
Standard,0.0,0.006399999620043673,0.04439999975147657,0.050799999371520244
Standard,0.0,0.0027999999474559445,0.08250000018961146,0.0853000001370674
Standard,0.0,0.016400000276917126,0.21280000009937794,0.22920000037629507
Standard,0.0,0.006299999768089037,0.04620000026989146,0.0525000000379805
Standard,0.0,0.0024000000848900527,0.031199999739328632,0.033599999824218685
Standard,0.0,0.0016999997569655534,0.0341999998454412,0.03589999960240675
Standard,0.0,0.002600000243546674,0.02859999995052931,0.031200000194075983
Standard,0.0,0.0017000002117129043,0.02989999984492897,0.031600000056641875
Standard,0.0,0.0024000000848900527,0.031800000215298496,0.03420000030018855
Standard,0.0,0.00199999976757681,0.02769999991869554,0.02969999968627235
Standard,0.0,0.0018000000636675395,0.03389999983482994,0.03569999989849748
Standard,0.0,0.002499999936844688,0.02859999995052931,0.031099999887373997
Standard,0.0,0.0015999999050109182,0.030300000162242213,0.03190000006725313
Standard,0.0,0.0024000000848900527,0.031600000056641875,0.03400000014153193
Standard,0.0,0.00199999976757681,0.027499999760038918,0.029499999527615728
Standard,0.0,0.002099999619531445,0.03370000013092067,0.035799999750452116
Standard,0.0,0.002500000391592039,0.028299999939918052,0.03080000033151009
Standard,0.0,0.0017000002117129043,0.03530000003593159,0.03700000024764449
Standard,0.0,0.002499999936844688,0.031799999760551145,0.03429999969739583
Standard,0.0,0.0018999999156221747,0.02790000007735216,0.029799999992974335
Standard,0.0,0.0015999999050109182,0.04750000016429112,0.04910000006930204
Standard,0.0,0.014100000043981709,0.18809999983204762,0.20219999987602932
Standard,0.0,0.009200000022246968,0.16570000025240006,0.17490000027464703
Standard,0.0,0.008600000001024455,0.1691999996182858,0.17779999961931026
Standard,0.0,0.008299999990413198,0.16419999974459643,0.17249999973500962
Standard,0.0,0.007900000127847306,0.16419999974459643,0.17209999987244373
Standard,0.0,0.008700000307726441,0.16900000036912388,0.17770000067685032
Standard,0.0,0.007899999673099956,0.07709999999860884,0.08499999967170879
Standard,0.0,0.007999999979801942,0.06690000009257346,0.0749000000723754
Standard,0.0,0.005200000032345997,0.08289999959743,0.088099999629776
Standard,0.0,0.003999999989900971,0.050799999826267594,0.054799999816168565
Standard,0.0,0.00850000014906982,0.0660000000607397,0.07450000020980951
Standard,0.0,0.0027000000955013093,0.04529999978331034,0.04799999987881165
Standard,0.0,0.008299999990413198,0.0631999996585364,0.0714999996489496
Standard,0.0,0.0027000000955013093,0.04469999976208783,0.04739999985758914
Standard,0.0,0.008199999683711212,0.06269999994401587,0.07089999962772708
Standard,0.0,0.002499999936844688,0.04540000009001233,0.047900000026857015
Standard,0.0,0.008900000011635711,0.06329999996523838,0.0721999999768741
Standard,0.0,0.002499999936844688,0.07210000012491946,0.07460000006176415
Standard,0.0,0.0036999999792897142,0.049199999921256676,0.05289999990054639
Standard,0.0,0.008299999990413198,0.0638999999864609,0.0721999999768741
Standard,0.0,0.002599999788799323,0.03440000000409782,0.03699999979289714
Standard,0.0,0.0024000000848900527,0.03310000010969816,0.03550000019458821
Standard,0.0,0.0024000000848900527,0.03310000010969816,0.03550000019458821
Standard,0.0,0.0024000000848900527,0.03339999966556206,0.035799999750452116
Standard,0.0,0.002399999630142702,0.04340000032243552,0.04579999995257822
Standard,0.0,0.008299999990413198,0.0625000002401066,0.0708000002305198
Standard,0.0,0.002599999788799323,0.0442000000475673,0.046799999836366624
Standard,0.0,0.008099999831756577,0.06210000037754071,0.07020000020929729
Standard,0.0,0.0033000001167238224,0.049000000217347406,0.05230000033407123
Standard,0.0,0.008099999831756577,0.06249999978535925,0.07059999961711583
Standard,0.0,0.002600000243546674,0.04459999991013319,0.047200000153679866
Standard,0.0,0.007999999979801942,0.06190000021888409,0.06990000019868603
Standard,0.0,0.002599999788799323,0.044299999899521936,0.04689999968832126
Standard,0.0,0.007900000127847306,0.06200000007083872,0.06990000019868603
Standard,0.0,0.002499999936844688,0.07150000010369695,0.07400000004054164
Standard,0.0,0.0037999998312443495,0.04859999990003416,0.05239999973127851
Standard,0.0,0.007900000127847306,0.06299999995462713,0.07090000008247443
Standard,0.0,0.002599999788799323,0.0341999998454412,0.03679999963424052
Standard,0.0,0.002599999788799323,0.04360000002634479,0.04619999981514411
Standard,0.0,0.007999999979801942,0.06309999980658176,0.0710999997863837
Standard,0.0,0.002500000391592039,0.044299999899521936,0.046800000291113975
Standard,0.0,0.008100000286503928,0.06230000008144998,0.07040000036795391
Standard,0.0,0.002499999936844688,0.03440000000409782,0.03689999994094251
Standard,0.0,0.002499999936844688,0.04399999988891068,0.04649999982575537
Standard,0.0,0.007999999979801942,0.06139999959486886,0.0693999995746708
Standard,0.0,0.002600000243546674,0.04399999988891068,0.04660000013245735
Standard,0.0,0.007999999979801942,0.06280000025071786,0.0708000002305198
Standard,0.0,0.002499999936844688,0.044100000195612665,0.04660000013245735
Standard,0.0,0.007900000127847306,0.062399999933404615,0.07030000006125192
Standard,0.0,0.0024000000848900527,0.0442000000475673,0.04660000013245735
Standard,0.0,0.008600000001024455,0.062199999774747994,0.07079999977577245
Standard,0.0,0.002600000243546674,0.06970000004002941,0.07230000028357608
Standard,0.0,0.0037999998312443495,0.04890000036539277,0.05270000019663712
Standard,0.0,0.008299999990413198,0.06249999978535925,0.07079999977577245
Standard,0.0,0.002499999936844688,0.0442000000475673,0.04669999998441199
Standard,0.0,0.007900000127847306,0.062400000388151966,0.07030000051599927
Standard,0.0,0.002499999936844688,0.03409999999348656,0.03659999993033125
Standard,0.0,0.0022999997781880666,0.033799999982875306,0.03609999976106337
Standard,0.0,0.0023000002329354174,0.043900000036956044,0.04620000026989146
Standard,0.0,0.007999999979801942,0.0625000002401066,0.07050000021990854
Standard,0.0,0.0027000000955013093,0.0359000000571541,0.03860000015265541
Standard,0.0,0.0024000000848900527,0.03330000026835478,0.03570000035324483
Standard,0.0,0.0024000000848900527,0.04330000001573353,0.04570000010062358
Standard,0.0,0.007999999979801942,0.06209999992279336,0.0700999999025953
Standard,0.0,0.002600000243546674,0.04459999991013319,0.047200000153679866
Standard,0.0,0.008099999831756577,0.14169999985824688,0.14979999969000346
Standard,0.0,0.015000000075815478,0.15110000003915047,0.16610000011496595
Standard,0.0,0.010799999927257886,0.19149999980072607,0.20229999972798396
Standard,0.0,0.011099999937869143,0.11089999998148414,0.12199999991935329
Standard,0.0,0.008999999863590347,0.06970000004002941,0.07869999990361976
Standard,0.0,0.004099999841855606,0.08440000010523363,0.08849999994708924
Standard,0.0,0.014199999895936344,0.16279999999824213,0.17699999989417847
Standard,0.0,0.014000000192027073,0.10660000043571927,0.12060000062774634
Standard,0.0,0.003999999989900971,0.05249999958323315,0.05649999957313412
Standard,0.0,0.010100000054080738,0.08260000004156609,0.09270000009564683
Standard,0.0,0.0036999999792897142,0.06370000028255163,0.06740000026184134
Standard,0.0,0.008399999842367833,0.13309999985722243,0.14149999969959026
Standard,0.0,0.005299999884300632,0.060799999573646346,0.06609999945794698
Standard,0.0,0.010100000054080738,0.07350000032602111,0.08360000038010185
Standard,0.0,0.002999999651365215,0.04669999998441199,0.0496999996357772
Standard,0.0,0.008399999842367833,0.06550000034621917,0.073900000188587
Standard,0.0,0.0027000000955013093,0.07480000022042077,0.07750000031592208
Standard,0.0,0.004600000011123484,0.05419999979494605,0.058799999806069536
Standard,0.0,0.011900000117748277,0.1059999999597494,0.11790000007749768
Standard,0.0,0.012399999832268804,0.15829999983907328,0.17069999967134208
Standard,0.0,0.005200000032345997,0.050099999953090446,0.05529999998543644
Standard,0.0,0.0027000000955013093,0.03640000022642198,0.03910000032192329
Standard,0.0,0.002100000074278796,0.03580000020519947,0.03790000027947826
Standard,0.0,0.002499999936844688,0.06439999970098143,0.06689999963782611
Standard,0.0,0.00959999988481286,0.07699999969190685,0.08659999957671971
Standard,0.0,0.009999999747378752,0.07589999995616381,0.08589999970354256
Standard,0.0,0.0036999999792897142,0.05800000008093775,0.06170000006022747
Standard,0.0,0.003999999989900971,0.1059999999597494,0.10999999994965037
Standard,0.0,0.004800000169780105,0.05610000016531558,0.06090000033509568
Standard,0.0,0.011099999937869143,0.08389999993596575,0.0949999998738349
Standard,0.0,0.0032999996619764715,0.06209999992279336,0.06539999958476983
Standard,0.0,0.008600000001024455,0.07520000008298666,0.08380000008401112
Standard,0.0,0.009899999895424116,0.0770000001466542,0.08690000004207832
Standard,0.0,0.003600000127335079,0.03749999996216502,0.0411000000895001
Standard,0.0,0.002499999936844688,0.08100000013655517,0.08350000007339986
Standard,0.0,0.004600000011123484,0.0503999999637017,0.05499999997482519
Standard,0.0,0.010300000212737359,0.08750000006330083,0.09780000027603819
Standard,0.0,0.008399999842367833,0.068700000156241,0.07709999999860884
Standard,0.0,0.007999999979801942,0.10120000024471665,0.10920000022451859
Standard,0.0,0.004999999873689376,0.04470000021683518,0.049700000090524554
Standard,0.0,0.0027000000955013093,0.08340000022144523,0.08610000031694653
Standard,0.0,0.004600000011123484,0.099800000043615,0.10440000005473848
Standard,0.0,0.010799999927257886,0.11489999997138511,0.125699999898643
Standard,0.0,0.005500000042957254,0.0594000002820394,0.06490000032499665
Standard,0.0,0.009999999747378752,0.13630000012199162,0.14629999986937037
Standard,0.0,0.010899999779212521,0.10900000006586197,0.11989999984507449
Standard,0.0,0.011300000096525764,0.1135999996222381,0.12489999971876387
Standard,0.0,0.011800000265793642,0.08299999990413198,0.09480000016992562
Standard,0.0,0.0113999999484804,0.08519999983036541,0.09659999977884581
Standard,0.0,0.008999999863590347,0.09350000027552596,0.10250000013911631
Standard,0.0,0.011300000096525764,0.050600000122358324,0.06190000021888409
Standard,0.0,0.004600000011123484,0.09070000032807002,0.0953000003391935
Standard,0.0,0.006399999620043673,0.14250000003812602,0.1488999996581697
Standard,0.0,0.006300000222836388,0.12809999998353305,0.13440000020636944
Standard,0.0,0.02369999992879457,0.14590000000680448,0.16959999993559904
Standard,0.0,0.009999999747378752,0.11300000005576294,0.12299999980314169
Standard,0.0,0.007999999979801942,0.06289999964792514,0.07089999962772708
Standard,0.0,0.003099999958067201,0.04530000023805769,0.04840000019612489
Standard,0.0,0.011099999937869143,0.08470000011584489,0.09580000005371403
Standard,0.0,0.0036999999792897142,0.06429999984902679,0.0679999998283165
Standard,0.0,0.01430000020263833,0.06339999981719302,0.07770000001983135
Standard,0.0,0.0033000001167238224,0.05129999999553547,0.054600000112259295
Standard,0.0,0.012900000001536682,0.08729999990464421,0.10019999990618089
Standard,0.0,0.0027000000955013093,0.03509999987727497,0.03779999997277628
Standard,0.0,0.002100000074278796,0.042300000131945126,0.04440000020622392
Standard,0.0,0.01160000010713702,0.08490000027450151,0.09650000038163853
Standard,0.0,0.0027999999474559445,0.03409999999348656,0.03689999994094251
Standard,0.0,0.00199999976757681,0.04389999958220869,0.0458999993497855
Standard,0.0,0.011799999811046291,0.08329999991474324,0.09509999972578953
Standard,0.0,0.003000000106112566,0.03400000014153193,0.03700000024764449
Standard,0.0,0.002000000222324161,0.028899999961140566,0.030900000183464726
Standard,0.0,0.0017000002117129043,0.03370000013092067,0.035400000342633575
Standard,0.0,0.0023000002329354174,0.02880000010918593,0.031100000342121348
Standard,0.0,0.0015999999050109182,0.0349000001733657,0.036500000078376615
Standard,0.0,0.0024000000848900527,0.02930000027845381,0.03170000036334386
Standard,0.0,0.0015999999050109182,0.04160000025876798,0.043200000163778896
Standard,0.0,0.011800000265793642,0.12870000000475557,0.1405000002705492
Standard,0.0,0.004900000021734741,0.0608000000283937,0.06570000005012844
Standard,0.0,0.01160000010713702,0.12700000024779,0.13860000035492703
Standard,0.0,0.010000000202126103,0.1059999999597494,0.1160000001618755
Standard,0.0,0.0068999997893115506,0.07340000001931912,0.08029999980863067
Standard,0.0,0.01140000040322775,0.08990000014819088,0.10130000055141863
Standard,0.0,0.00470000031782547,0.05540000029213843,0.0601000006099639
Standard,0.0,0.011899999663000926,0.14580000015484984,0.15769999981785077
Standard,0.0,0.009299999874201603,0.11509999967529438,0.12439999954949599
Standard,0.0,0.008299999990413198,0.09730000010677031,0.10560000009718351
Standard,0.0,0.007699999969190685,0.08699999989403295,0.09469999986322364
Standard,0.0,0.009899999895424116,0.07099999993442907,0.08089999982985319
Standard,0.0,0.004300000000512227,0.08380000008401112,0.08810000008452334
Standard,0.0,0.004199999693810241,0.05329999976311228,0.057499999456922524
Standard,0.0,0.008600000001024455,0.07089999962772708,0.07949999962875154
Standard,0.0,0.0027999999474559445,0.05149999969944474,0.05429999964690069
Standard,0.0,0.011699999959091656,0.0801000001047214,0.09180000006381306
Standard,0.0,0.0027999999474559445,0.047700000322947744,0.05050000027040369
Standard,0.0,0.010600000223348616,0.06970000004002941,0.08030000026337802
Standard,0.0,0.0026999996407539584,0.046999999995023245,0.0496999996357772
Standard,0.0,0.008700000307726441,0.09510000018053688,0.10380000048826332
Standard,0.0,0.004200000148557592,0.05310000005920301,0.057300000207760604
Standard,0.0,0.008600000001024455,0.06780000012440723,0.07640000012543169
Standard,0.0,0.0029000002541579306,0.07370000002993038,0.07660000028408831
Standard,0.0,0.0039000001379463356,0.05090000013296958,0.054800000270915916
Standard,0.0,0.008499999694322469,0.06669999993391684,0.07519999962823931
Standard,0.0,0.002599999788799323,0.07270000014614197,0.0752999999349413
Standard,0.0,0.003999999989900971,0.05120000014358084,0.05520000013348181
Standard,0.0,0.008900000011635711,0.06750000011379598,0.07640000012543169
Standard,0.0,0.002599999788799323,0.07609999966007308,0.0786999994488724
Standard,0.0,0.004399999852466863,0.05149999969944474,0.055899999551911606
Standard,0.0,0.008200000138458563,0.06630000007135095,0.07450000020980951
Standard,0.0,0.003099999958067201,0.04600000011123484,0.04910000006930204
Standard,0.0,0.008999999863590347,0.06570000005012844,0.07469999991371878
Standard,0.0,0.0027999999474559445,0.04600000011123484,0.048800000058690784
Standard,0.0,0.007999999979801942,0.06400000029316288,0.07200000027296483
Standard,0.0,0.002599999788799323,0.07159999995565158,0.0741999997444509
Standard,0.0,0.0037999998312443495,0.05069999997431296,0.05449999980555731
Standard,0.0,0.008399999842367833,0.06660000008196221,0.07499999992433004
Standard,0.0,0.002499999936844688,0.07189999996626284,0.07439999990310753
Standard,0.0,0.0036999999792897142,0.05089999967822223,0.054599999657511944
Standard,0.0,0.007999999979801942,0.0648999998702493,0.07289999985005124
Standard,0.0,0.002999999651365215,0.07489999961762805,0.07789999926899327
Standard,0.0,0.004099999841855606,0.051500000154192094,0.0555999999960477
Standard,0.0,0.008099999831756577,0.06609999991269433,0.0741999997444509
Standard,0.0,0.0026999996407539584,0.07159999995565158,0.07429999959640554
Standard,0.0,0.0038999996831989847,0.051799999710056,0.055699999393254984
Standard,0.0,0.008399999842367833,0.0648999998702493,0.07329999971261714
Standard,0.0,0.002599999788799323,0.0700999999025953,0.07269999969139462
Standard,0.0,0.003999999989900971,0.05049999981565634,0.05449999980555731
Standard,0.0,0.008299999990413198,0.06440000015572878,0.07270000014614197
Standard,0.0,0.002499999936844688,0.04549999994196696,0.04799999987881165
Standard,0.0,0.008200000138458563,0.0638999999864609,0.07210000012491946
Standard,0.0,0.002600000243546674,0.04540000009001233,0.048000000333559
Standard,0.0,0.008200000138458563,0.06400000029316288,0.07220000043162145
Standard,0.0,0.002499999936844688,0.07090000008247443,0.07340000001931912
Standard,0.0,0.0037999998312443495,0.05000000010113581,0.05379999993238016
Standard,0.0,0.007899999673099956,0.08780000007391209,0.09569999974701204
Standard,0.0,0.004900000021734741,0.04799999987881165,0.05289999990054639
Standard,0.0,0.003000000106112566,0.09020000015880214,0.0932000002649147
Standard,0.0,0.004699999863078119,0.056600000334583456,0.061300000197661575
Standard,0.0,0.010400000064691994,0.07689999983995222,0.08729999990464421
Standard,0.0,0.0035000002753804438,0.08539999998902204,0.08890000026440248
Standard,0.0,0.00959999988481286,0.12479999986680923,0.1343999997516221
Standard,0.0,0.011000000085914508,0.1268000000891334,0.1378000001750479
Standard,0.0,0.010300000212737359,0.110200000108307,0.12050000032104435
Standard,0.0,0.009099999715544982,0.12100000003556488,0.13009999975110986
Standard,0.0,0.010700000075303251,0.11459999996077386,0.1253000000360771
Standard,0.0,0.010200000360782724,0.10049999991679215,0.11070000027757487
Standard,0.0,0.009200000022246968,0.10849999989659409,0.11769999991884106
Standard,0.0,0.0073999999585794285,0.06140000004961621,0.06880000000819564
Standard,0.0,0.004300000000512227,0.07480000022042077,0.079100000220933
Standard,0.0,0.004099999841855606,0.0525000000379805,0.056599999879836105
Standard,0.0,0.008399999842367833,0.06579999990208307,0.0741999997444509
Standard,0.0,0.0027999999474559445,0.07150000010369695,0.07430000005115289
Standard,0.0,0.0039000001379463356,0.05120000014358084,0.05510000028152717
Standard,0.0,0.008400000297115184,0.0648999998702493,0.07330000016736449
Standard,0.0,0.0039000001379463356,0.050600000122358324,0.05450000026030466
Standard,0.0,0.00850000014906982,0.06450000000768341,0.07300000015675323
Standard,0.0,0.002599999788799323,0.12030000016238773,0.12289999995118706
Standard,0.0,0.009200000022246968,0.07749999986117473,0.0866999998834217
Standard,0.0,0.006100000064179767,0.07509999977628468,0.08119999984046444
Standard,0.0,0.021599999854515772,0.1349999997728446,0.15659999962736038
Standard,0.0,0.006100000064179767,0.06920000032550888,0.07530000038968865
Standard,0.0,0.004500000159168849,0.05059999966761097,0.05509999982677982
Standard,0.0,0.0035000002753804438,0.046999999995023245,0.05050000027040369
Standard,0.0,0.0033000001167238224,0.04459999991013319,0.047900000026857015
Standard,0.0,0.0028999997994105797,0.04760000001624576,0.05049999981565634
Standard,0.0,0.0033999999686784577,0.051900000016757986,0.05529999998543644
Standard,0.0,0.010299999757990008,0.11540000014065299,0.125699999898643
Standard,0.0,0.010300000212737359,0.08329999991474324,0.0936000001274806
Standard,0.0,0.007999999979801942,0.06720000010318472,0.07520000008298666
Standard,0.0,0.004500000159168849,0.07479999976567342,0.07929999992484227
Standard,0.0,0.004100000296602957,0.05160000000614673,0.055700000302749686
Standard,0.0,0.008299999990413198,0.06429999984902679,0.07259999983943999
Standard,0.0,0.0026999996407539584,0.07189999996626284,0.0745999996070168
Standard,0.0,0.0038999996831989847,0.04999999964638846,0.053899999329587445
Standard,0.0,0.007999999979801942,0.06269999994401587,0.07069999992381781
Standard,0.0,0.002499999936844688,0.07959999993545352,0.08209999987229821
Standard,0.0,0.006099999609432416,0.06750000011379598,0.0735999997232284
Standard,0.0,0.007699999969190685,0.06209999992279336,0.06979999989198404
Standard,0.0,0.0026999996407539584,0.06970000004002941,0.07239999968078337
Standard,0.0,0.0039000001379463356,0.04960000023856992,0.053500000376516255
Standard,0.0,0.00850000014906982,0.06279999979597051,0.07129999994504033
Standard,0.0,0.0027000000955013093,0.0463000001218461,0.049000000217347406
Standard,0.0,0.007999999979801942,0.06299999995462713,0.07099999993442907
Standard,0.0,0.002499999936844688,0.06899999971210491,0.0714999996489496
Standard,0.0,0.0039000001379463356,0.04930000022795866,0.053200000365905
Standard,0.0,0.007900000127847306,0.06230000008144998,0.07020000020929729
Standard,0.0,0.002599999788799323,0.07659999982934096,0.07919999961814028
Standard,0.0,0.004100000296602957,0.04979999994247919,0.053900000239082146
Standard,0.0,0.007900000127847306,0.063500000123895,0.07140000025174231
Standard,0.0,0.002600000243546674,0.045899999804532854,0.04850000004807953
Standard,0.0,0.00779999982114532,0.0625000002401066,0.07030000006125192
Standard,0.0,0.002499999936844688,0.04549999994196696,0.04799999987881165
Standard,0.0,0.00779999982114532,0.062399999933404615,0.07019999975454994
Standard,0.0,0.0027000000955013093,0.04460000036488054,0.04730000046038185
Standard,0.0,0.008400000297115184,0.06230000008144998,0.07070000037856516
Standard,0.0,0.0027000000955013093,0.06880000000819564,0.07150000010369695
Standard,0.0,0.0037999998312443495,0.04929999977321131,0.05309999960445566
Standard,0.0,0.007699999969190685,0.07000000005064066,0.07770000001983135
Standard,0.0,0.007999999979801942,0.061100000039004954,0.0691000000188069
Standard,0.0,0.0028999997994105797,0.06830000029367511,0.07120000009308569
Standard,0.0,0.0037999998312443495,0.04960000023856992,0.05340000006981427
Standard,0.0,0.007899999673099956,0.06170000006022747,0.06959999973332742
Standard,0.0,0.002600000243546674,0.06849999999758438,0.07110000024113106
Standard,0.0,0.0036999999792897142,0.0494000000799133,0.05310000005920301
Standard,0.0,0.007999999979801942,0.0625000002401066,0.07050000021990854
Standard,0.0,0.002600000243546674,0.06819999998697313,0.0708000002305198
Standard,0.0,0.0037999998312443495,0.05050000027040369,0.05430000010164804
Standard,0.0,0.00779999982114532,0.0625000002401066,0.07030000006125192
Standard,0.0,0.002599999788799323,0.06859999984953902,0.07119999963833834
Standard,0.0,0.0038000002859917004,0.04949999993186793,0.05330000021785963
Standard,0.0,0.00779999982114532,0.06260000009206124,0.07039999991320656
Standard,0.0,0.002499999936844688,0.06840000014562975,0.07090000008247443
Standard,0.0,0.0037999998312443495,0.049700000090524554,0.053499999921768904
Standard,0.0,0.008099999831756577,0.06209999992279336,0.07019999975454994
Standard,0.0,0.0027000000955013093,0.0683999996908824,0.0710999997863837
Standard,0.0,0.0037999998312443495,0.04960000023856992,0.05340000006981427
Standard,0.0,0.007699999969190685,0.0631999996585364,0.07089999962772708
Standard,0.0,0.002599999788799323,0.044800000068789814,0.04739999985758914
Standard,0.0,0.008200000138458563,0.06419999999707215,0.07240000013553072
Standard,0.0,0.0028999997994105797,0.045000000227446435,0.047900000026857015
Standard,0.0,0.007800000275892671,0.0617999999121821,0.06960000018807477
Standard,0.0,0.002500000391592039,0.06849999999758438,0.07100000038917642
Standard,0.0,0.0037999998312443495,0.04930000022795866,0.05310000005920301
Standard,0.0,0.008000000434549293,0.06469999971159268,0.07270000014614197
Standard,0.0,0.002599999788799323,0.06810000013501849,0.07069999992381781
Standard,0.0,0.0037999998312443495,0.04979999994247919,0.05359999977372354
Standard,0.0,0.00779999982114532,0.0625000002401066,0.07030000006125192
Standard,0.0,0.002499999936844688,0.06889999986015027,0.07139999979699496
Standard,0.0,0.004100000296602957,0.04979999994247919,0.053900000239082146
Standard,0.0,0.008400000297115184,0.06299999995462713,0.07140000025174231
Standard,0.0,0.002499999936844688,0.04509999962465372,0.04759999956149841
Standard,0.0,0.007900000127847306,0.06180000036692945,0.06970000049477676
Standard,0.0,0.002499999936844688,0.045200000386103056,0.047700000322947744
Standard,0.0,0.007999999979801942,0.062200000229495345,0.07020000020929729
Standard,0.0,0.002499999936844688,0.06880000000819564,0.07129999994504033
Standard,0.0,0.0036999999792897142,0.049700000090524554,0.05340000006981427
Standard,0.0,0.007800000275892671,0.06230000008144998,0.07010000035734265
Standard,0.0,0.002600000243546674,0.06789999997636187,0.07050000021990854
Standard,0.0,0.0036999999792897142,0.04959999978382257,0.05329999976311228
Standard,0.0,0.007699999969190685,0.062399999933404615,0.0700999999025953
Standard,0.0,0.002600000243546674,0.06949999988137279,0.07210000012491946
Standard,0.0,0.0039000001379463356,0.04949999993186793,0.05340000006981427
Standard,0.0,0.007699999969190685,0.06209999992279336,0.06979999989198404
Standard,0.0,0.002499999936844688,0.045199999931355705,0.04769999986820039
Standard,0.0,0.008600000001024455,0.0625000002401066,0.07110000024113106
Standard,0.0,0.002499999936844688,0.06849999999758438,0.07099999993442907
Standard,0.0,0.0036999999792897142,0.0496999996357772,0.05339999961506692
Standard,0.0,0.007800000275892671,0.07000000005064066,0.07780000032653334
Standard,0.0,0.007999999979801942,0.062399999933404615,0.07039999991320656
Standard,0.0,0.002600000243546674,0.06880000000819564,0.07140000025174231
Standard,0.0,0.004099999841855606,0.05149999969944474,0.05559999954130035
Standard,0.0,0.007800000275892671,0.06320000011328375,0.07100000038917642
Standard,0.0,0.002599999788799323,0.06849999999758438,0.0710999997863837
Standard,0.0,0.0038000002859917004,0.0455999997939216,0.0494000000799133
Standard,0.0,0.0022999997781880666,0.03609999976106337,0.03839999953925144
Standard,0.0,0.0022999997781880666,0.04600000011123484,0.04829999988942291
Standard,0.0,0.008900000011635711,0.06929999972271617,0.07819999973435188
Standard,0.0,0.0033999999686784577,0.04080000007888884,0.0442000000475673
Standard,0.0,0.0032999996619764715,0.03689999994094251,0.04019999960291898
Standard,0.0,0.0027999999474559445,0.0673000004098867,0.07010000035734265
Standard,0.0,0.004000000444648322,0.06859999984953902,0.07260000029418734
Standard,0.0,0.003999999989900971,0.05069999997431296,0.05469999996421393
Standard,0.0,0.007699999969190685,0.09129999989454518,0.09899999986373587
Standard,0.0,0.010000000202126103,0.10769999971671496,0.11769999991884106
Standard,0.0,0.0044000003072142135,0.046799999836366624,0.05120000014358084
Standard,0.0,0.002600000243546674,0.08129999969241908,0.08389999993596575
Standard,0.0,0.0037999998312443495,0.05129999999553547,0.05509999982677982
Standard,0.0,0.009800000043469481,0.06759999996575061,0.0774000000092201
Standard,0.0,0.0027000000955013093,0.07320000031540985,0.07590000041091116
Standard,0.0,0.0037999998312443495,0.05129999999553547,0.05509999982677982
Standard,0.0,0.008700000307726441,0.06590000020878506,0.0746000005165115
Standard,0.0,0.0027000000955013093,0.07059999961711583,0.07329999971261714
Standard,0.0,0.0038000002859917004,0.05069999997431296,0.05450000026030466
Standard,0.0,0.008100000286503928,0.0646000003143854,0.07270000060088933
Standard,0.0,0.0027999999474559445,0.0718000001143082,0.07460000006176415
Standard,0.0,0.0036999999792897142,0.050600000122358324,0.05430000010164804
Standard,0.0,0.008400000297115184,0.06400000029316288,0.07240000059027807
Standard,0.0,0.002999999651365215,0.07000000005064066,0.07299999970200588
Standard,0.0,0.0038999996831989847,0.05030000011174707,0.05419999979494605
Standard,0.0,0.008199999683711212,0.07189999996626284,0.08009999964997405
Standard,0.0,0.008100000286503928,0.06470000016634003,0.07280000045284396
Standard,0.0,0.002599999788799323,0.0780000000304426,0.08059999981924193
Standard,0.0,0.0038000002859917004,0.0503999999637017,0.0542000002496934
Standard,0.0,0.008199999683711212,0.06429999984902679,0.072499999532738
Standard,0.0,0.002600000243546674,0.07049999976516119,0.07310000000870787
Standard,0.0,0.003999999989900971,0.04979999994247919,0.05379999993238016
Standard,0.0,0.008299999990413198,0.0648999998702493,0.0731999998606625
Standard,0.0,0.0029000002541579306,0.07099999993442907,0.073900000188587
Standard,0.0,0.0037999998312443495,0.049900000249181176,0.053700000080425525
Standard,0.0,0.007999999979801942,0.06379999967975891,0.07179999965956085
Standard,0.0,0.0026999996407539584,0.04529999978331034,0.0479999994240643
Standard,0.0,0.008099999831756577,0.06549999989147182,0.0735999997232284
Standard,0.0,0.002499999936844688,0.07030000006125192,0.07279999999809661
Standard,0.0,0.0036999999792897142,0.049899999794433825,0.05359999977372354
Standard,0.0,0.008099999831756577,0.06439999970098143,0.072499999532738
Standard,0.0,0.002499999936844688,0.06990000019868603,0.07240000013553072
Standard,0.0,0.004099999841855606,0.05019999980504508,0.05429999964690069
Standard,0.0,0.008099999831756577,0.06409999969037017,0.07219999952212675
Standard,0.0,0.002600000243546674,0.045399999635264976,0.04799999987881165
Standard,0.0,0.008299999990413198,0.06310000026132911,0.07140000025174231
Standard,0.0,0.002599999788799323,0.07020000020929729,0.07279999999809661
Standard,0.0,0.0037999998312443495,0.05000000010113581,0.05379999993238016
Standard,0.0,0.008800000159681076,0.06470000016634003,0.07350000032602111
Standard,0.0,0.002600000243546674,0.07039999991320656,0.07300000015675323
Standard,0.0,0.0039000001379463356,0.049899999794433825,0.05379999993238016
Standard,0.0,0.008299999990413198,0.06399999983841553,0.07229999982882873
Standard,0.0,0.0027000000955013093,0.04570000010062358,0.04840000019612489
Standard,0.0,0.008199999683711212,0.063500000123895,0.07169999980760622
Standard,0.0,0.0027999999474559445,0.07160000041039893,0.07440000035785488
Standard,0.0,0.0039000001379463356,0.04960000023856992,0.053500000376516255
Standard,0.0,0.008200000138458563,0.06459999985963805,0.07279999999809661
Standard,0.0,0.002599999788799323,0.045399999635264976,0.0479999994240643
Standard,0.0,0.00850000014906982,0.06520000033560791,0.07370000048467773
Standard,0.0,0.0027000000955013093,0.04759999956149841,0.05029999965699972
Standard,0.0,0.008399999842367833,0.0638999999864609,0.07229999982882873
Standard,0.0,0.002600000243546674,0.045000000227446435,0.04760000047099311
Standard,0.0,0.009000000318337698,0.06309999980658176,0.07210000012491946
Standard,0.0,0.003000000106112566,0.0455999997939216,0.04859999990003416
Standard,0.0,0.008100000286503928,0.06379999967975891,0.07189999996626284
Standard,0.0,0.0028999997994105797,0.07069999992381781,0.0735999997232284
Standard,0.0,0.0036999999792897142,0.04960000023856992,0.05330000021785963
Standard,0.0,0.008099999831756577,0.06459999985963805,0.07269999969139462
Standard,0.0,0.002599999788799323,0.04549999994196696,0.048099999730766285
Standard,0.0,0.008299999990413198,0.0638999999864609,0.0721999999768741
Standard,0.0,0.002599999788799323,0.04510000007940107,0.04769999986820039
Standard,0.0,0.008299999990413198,0.06639999992330559,0.07469999991371878
Standard,0.0,0.0027000000955013093,0.07019999975454994,0.07289999985005124
Standard,0.0,0.003999999989900971,0.049899999794433825,0.053899999784334796
Standard,0.0,0.00850000014906982,0.06510000002890592,0.07360000017797574
Standard,0.0,0.002600000243546674,0.07060000007186318,0.07320000031540985
Standard,0.0,0.0039000001379463356,0.050099999953090446,0.05400000009103678
Standard,0.0,0.007999999979801942,0.06480000001829467,0.07279999999809661
Standard,0.0,0.002599999788799323,0.0455999997939216,0.04819999958272092
Standard,0.0,0.008299999990413198,0.06409999969037017,0.07239999968078337
Standard,0.0,0.0027000000955013093,0.0710999997863837,0.07379999988188501
Standard,0.0,0.0039000001379463356,0.05069999997431296,0.054600000112259295
Standard,0.0,0.008299999990413198,0.06480000001829467,0.07310000000870787
Standard,0.0,0.0027999999474559445,0.07069999992381781,0.07349999987127376
Standard,0.0,0.0037999998312443495,0.04639999997380073,0.05019999980504508
Standard,0.0,0.008800000159681076,0.07869999990361976,0.08750000006330083
Standard,0.0,0.00850000014906982,0.18759999966277974,0.19609999981184956
Standard,0.0,0.004500000159168849,0.051799999710056,0.05629999986922485
Standard,0.0,0.008099999831756577,0.10750000001280569,0.11559999984456226
Standard,0.0,0.005200000032345997,0.04579999995257822,0.050999999984924216
Standard,0.0,0.0028999997994105797,0.05269999974188977,0.05559999954130035
Standard,0.0,0.010300000212737359,0.1809000000321248,0.19120000024486217
Standard,0.0,0.004600000011123484,0.04089999993084348,0.04549999994196696
Standard,0.0,0.002399999630142702,0.030899999728717376,0.03329999935886008
Standard,0.0,0.002000000222324161,0.03580000020519947,0.03780000042752363
Standard,0.0,0.002999999651365215,0.032699999792384915,0.03569999944375013
Standard,0.0,0.0019000003703695256,0.028699999802483944,0.03060000017285347
Standard,0.0,0.0015999999050109182,0.028299999939918052,0.02989999984492897
Standard,0.0,0.0016999997569655534,0.08580000030633528,0.08750000006330083
Standard,0.0,0.0037999998312443495,0.0359000000571541,0.03969999988839845
Standard,0.0,0.00199999976757681,0.02880000010918593,0.03079999987676274
Standard,0.0,0.0015999999050109182,0.04579999995257822,0.04739999985758914
Standard,0.0,0.011300000096525764,0.07240000013553072,0.08370000023205648
Standard,0.0,0.002599999788799323,0.03310000010969816,0.03569999989849748
Standard,0.0,0.002000000222324161,0.028699999802483944,0.030700000024808105
Standard,0.0,0.0016999997569655534,0.046999999995023245,0.0486999997519888
Standard,0.0,0.0113999999484804,0.0708000002305198,0.0822000001790002
Standard,0.0,0.002599999788799323,0.06380000013450626,0.06639999992330559
Standard,0.0,0.0039000001379463356,0.04620000026989146,0.0501000004078378
Standard,0.0,0.0038000002859917004,0.0442000000475673,0.048000000333559
Standard,0.0,0.004100000296602957,0.04369999987829942,0.04780000017490238
Standard,0.0,0.0038000002859917004,0.044099999740865314,0.047900000026857015
Standard,0.0,0.0037999998312443495,0.15489999987039482,0.15869999970163917
Standard,0.0,0.011300000096525764,0.08600000001024455,0.09730000010677031
Standard,0.0,0.0064000000747910235,0.056600000334583456,0.06300000040937448
Standard,0.0,0.004999999873689376,0.049899999794433825,0.0548999996681232
Standard,0.0,0.004499999704421498,0.04639999997380073,0.05089999967822223
Standard,0.0,0.004300000000512227,0.04549999994196696,0.04979999994247919
Standard,0.0,0.004500000159168849,0.045000000227446435,0.049500000386615284
Standard,0.0,0.0037999998312443495,0.04450000005817856,0.04829999988942291
Standard,0.0,0.0037999998312443495,0.04459999991013319,0.04839999974137754
Standard,0.0,0.0037999998312443495,0.04470000021683518,0.04850000004807953
Standard,0.0,0.0036999999792897142,0.044800000068789814,0.04850000004807953
Standard,0.0,0.0039000001379463356,0.04889999991064542,0.052800000048591755
Standard,0.0,0.0039000001379463356,0.04440000020622392,0.04830000034417026
Standard,0.0,0.0037999998312443495,0.04510000007940107,0.04889999991064542
Standard,0.0,0.0038000002859917004,0.046799999836366624,0.050600000122358324
Standard,0.0,0.0038000002859917004,0.04489999992074445,0.04870000020673615
Standard,0.0,0.0038000002859917004,0.04510000007940107,0.04890000036539277
Standard,0.0,0.0037999998312443495,0.04489999992074445,0.0486999997519888
Standard,0.0,0.0037999998312443495,0.04510000007940107,0.04889999991064542
Standard,0.0,0.003999999989900971,0.04489999992074445,0.04889999991064542
Standard,0.0,0.0037999998312443495,0.04470000021683518,0.04850000004807953
Standard,0.0,0.0036999999792897142,0.04469999976208783,0.04839999974137754
Standard,0.0,0.0039000001379463356,0.04450000005817856,0.04840000019612489
Standard,0.0,0.0037999998312443495,0.044299999899521936,0.048099999730766285
Standard,0.0,0.0036999999792897142,0.04470000021683518,0.04840000019612489
Standard,0.0,0.0039000001379463356,0.04430000035426929,0.04820000049221562
Standard,0.0,0.003600000127335079,0.044800000068789814,0.04840000019612489
Standard,0.0,0.0036999999792897142,0.04450000005817856,0.04820000003746827
Standard,0.0,0.0038999996831989847,0.04450000005817856,0.04839999974137754
Standard,0.0,0.0039000001379463356,0.04460000036488054,0.04850000050282688
Standard,0.0,0.003700000434037065,0.04459999991013319,0.04830000034417026
Standard,0.0,0.0037999998312443495,0.04690000014306861,0.05069999997431296
Standard,0.0,0.0033999999686784577,0.04840000019612489,0.05180000016480335
Standard,0.0,0.004200000148557592,0.057300000207760604,0.061500000356318196
Standard,0.0,0.010100000054080738,0.07400000004054164,0.08410000009462237
Standard,0.0,0.0033999999686784577,0.07499999992433004,0.0783999998930085
Standard,0.0,0.004300000000512227,0.04780000017490238,0.05210000017541461
Standard,0.0,0.004200000148557592,0.04510000007940107,0.04930000022795866
Standard,0.0,0.0039000001379463356,0.046099999963189475,0.05000000010113581
Standard,0.0,0.003000000106112566,0.07200000027296483,0.07500000037907739
Standard,0.0,0.004100000296602957,0.051900000016757986,0.05600000031336094
Standard,0.0,0.009100000170292333,0.07499999992433004,0.08410000009462237
Standard,0.0,0.008200000138458563,0.07470000036846614,0.0829000005069247
Standard,0.0,0.008900000011635711,0.06940000002941815,0.07830000004105386
Standard,0.0,0.008099999831756577,0.06439999970098143,0.072499999532738
Standard,0.0,0.003999999989900971,0.04669999998441199,0.05069999997431296
Standard,0.0,0.0039000001379463356,0.0463000001218461,0.05020000025979243
Standard,0.0,0.004199999693810241,0.04399999988891068,0.04819999958272092
Standard,0.0,0.004099999841855606,0.04310000031182426,0.047200000153679866
Standard,0.0,0.004100000296602957,0.04579999995257822,0.049900000249181176
Standard,0.0,0.003999999989900971,0.04569999964587623,0.0496999996357772
Standard,0.0,0.003999999989900971,0.053699999625678174,0.057699999615579145
Standard,0.0,0.008600000001024455,0.06859999984953902,0.07719999985056347
Standard,0.0,0.0039000001379463356,0.0463000001218461,0.05020000025979243
Standard,0.0,0.0036999999792897142,0.044800000068789814,0.04850000004807953
Standard,0.0,0.0036999999792897142,0.04909999961455469,0.052799999593844404
Standard,0.0,0.008299999990413198,0.06209999992279336,0.07039999991320656
Standard,0.0,0.004699999863078119,0.04769999986820039,0.05239999973127851
Standard,0.0,0.004200000148557592,0.07589999995616381,0.0801000001047214
Standard,0.0,0.003999999989900971,0.04839999974137754,0.05239999973127851
Standard,0.0,0.0038999996831989847,0.044299999899521936,0.04819999958272092
Standard,0.0,0.0036999999792897142,0.046999999995023245,0.05069999997431296
Standard,0.0,0.0036999999792897142,0.07239999968078337,0.07609999966007308
Standard,0.0,0.004600000011123484,0.04820000003746827,0.052800000048591755
Standard,0.0,0.0038999996831989847,0.04549999994196696,0.04939999962516595
Standard,0.0,0.0039000001379463356,0.04489999992074445,0.048800000058690784
Standard,0.0,0.004100000296602957,0.045199999931355705,0.04930000022795866
Standard,0.0,0.0037999998312443495,0.04529999978331034,0.04909999961455469
Standard,0.0,0.0038000002859917004,0.04540000009001233,0.04920000037600403
Standard,0.0,0.0039000001379463356,0.04510000007940107,0.049000000217347406
Standard,0.0,0.0036999999792897142,0.04550000039671431,0.04920000037600403
Standard,0.0,0.0038999996831989847,0.04550000039671431,0.0494000000799133
Standard,0.0,0.0038000002859917004,0.04570000010062358,0.049500000386615284
Standard,0.0,0.0039000001379463356,0.044999999772699084,0.04889999991064542
Standard,0.0,0.0036999999792897142,0.04780000017490238,0.051500000154192094
Standard,0.0,0.0039000001379463356,0.04540000009001233,0.04930000022795866
Standard,0.0,0.003999999989900971,0.04560000024866895,0.04960000023856992
Standard,0.0,0.0039000001379463356,0.045899999804532854,0.04979999994247919
Standard,0.0,0.0037999998312443495,0.05319999991115765,0.056999999742402
Standard,0.0,0.003999999989900971,0.04780000017490238,0.05180000016480335
Standard,0.0,0.0035000002753804438,0.048100000185513636,0.05160000046089408
Standard,0.0,0.009200000022246968,0.06740000026184134,0.07660000028408831
Standard,0.0,0.002999999651365215,0.046299999667098746,0.04929999931846396
Standard,0.0,0.004600000011123484,0.04660000013245735,0.05120000014358084
Standard,0.0,0.003999999989900971,0.04619999981514411,0.05019999980504508
Standard,0.0,0.003999999989900971,0.04560000024866895,0.04960000023856992
Standard,0.0,0.003999999989900971,0.04639999997380073,0.0503999999637017
Standard,0.0,0.0039000001379463356,0.04549999994196696,0.0494000000799133
Standard,0.0,0.003999999989900971,0.04549999994196696,0.04949999993186793
Standard,0.0,0.003999999989900971,0.045199999931355705,0.049199999921256676
Standard,0.0,0.0037999998312443495,0.06849999999758438,0.07229999982882873
Standard,0.0,0.0037999998312443495,0.045199999931355705,0.048999999762600055
Standard,0.0,0.0036999999792897142,0.04579999995257822,0.04949999993186793
Standard,0.0,0.003599999672587728,0.04579999995257822,0.04939999962516595
Standard,0.0,0.0037999998312443495,0.046099999963189475,0.049899999794433825
Standard,0.0,0.0037999998312443495,0.044999999772699084,0.048799999603943434
Standard,0.0,0.003999999989900971,0.04560000024866895,0.04960000023856992
Standard,0.0,0.0037999998312443495,0.044299999899521936,0.048099999730766285
Standard,0.0,0.0038999996831989847,0.044999999772699084,0.04889999945589807
Standard,0.0,0.0037999998312443495,0.045200000386103056,0.049000000217347406
Standard,0.0,0.0039000001379463356,0.045199999931355705,0.04910000006930204
Standard,0.0,0.0036999999792897142,0.04540000009001233,0.04910000006930204
Standard,0.0,0.0044000003072142135,0.04560000024866895,0.05000000055588316
Standard,0.0,0.0036999999792897142,0.04530000023805769,0.049000000217347406
Standard,0.0,0.004099999841855606,0.0449000003754918,0.049000000217347406
Standard,0.0,0.0039000001379463356,0.04620000026989146,0.0501000004078378
Standard,0.0,0.0037999998312443495,0.04930000022795866,0.05310000005920301
Standard,0.0,0.0038000002859917004,0.04549999994196696,0.04930000022795866
Standard,0.0,0.0037999998312443495,0.045199999931355705,0.048999999762600055
Standard,0.0,0.003700000434037065,0.04570000010062358,0.04940000053466065
Standard,0.0,0.0039000001379463356,0.046799999836366624,0.05069999997431296
Standard,0.0,0.0037999998312443495,0.046099999963189475,0.049899999794433825
Standard,0.0,0.003999999989900971,0.046099999963189475,0.050099999953090446
Standard,0.0,0.003999999989900971,0.0455999997939216,0.04959999978382257
Standard,0.0,0.0039000001379463356,0.04540000009001233,0.04930000022795866
Standard,0.0,0.004100000296602957,0.04510000007940107,0.04920000037600403
Standard,0.0,0.0037999998312443495,0.04619999981514411,0.04999999964638846
Standard,0.0,0.0039000001379463356,0.0449000003754918,0.048800000513438135
Standard,0.0,0.0036999999792897142,0.044999999772699084,0.0486999997519888
Standard,0.0,0.004099999841855606,0.04540000009001233,0.04949999993186793
Standard,0.0,0.0039000001379463356,0.045900000259280205,0.04980000039722654
Standard,0.0,0.0044000003072142135,0.04510000007940107,0.049500000386615284
Standard,0.0,0.0039000001379463356,0.04620000026989146,0.0501000004078378
Standard,0.0,0.0038000002859917004,0.046999999995023245,0.050800000281014945
Standard,0.0,0.003999999989900971,0.04620000026989146,0.05020000025979243
Standard,0.0,0.003999999989900971,0.04529999978331034,0.04929999977321131
Standard,0.0,0.003999999989900971,0.04690000014306861,0.05090000013296958
Standard,0.0,0.003999999989900971,0.04560000024866895,0.04960000023856992
Standard,0.0,0.0038000002859917004,0.04659999967771,0.0503999999637017
Standard,0.0,0.0039000001379463356,0.04570000010062358,0.04960000023856992
Standard,0.0,0.0038000002859917004,0.04529999978331034,0.04910000006930204
Standard,0.0,0.0039000001379463356,0.04599999965648749,0.049899999794433825
Standard,0.0,0.003999999989900971,0.04600000011123484,0.05000000010113581
Standard,0.0,0.0038000002859917004,0.04709999984697788,0.05090000013296958
Standard,0.0,0.004199999693810241,0.046100000417936826,0.05030000011174707
Standard,0.0,0.003999999989900971,0.045199999931355705,0.049199999921256676
Standard,0.0,0.004200000148557592,0.04549999994196696,0.049700000090524554
Standard,0.0,0.003999999989900971,0.04639999997380073,0.0503999999637017
Standard,0.0,0.004099999841855606,0.04840000019612489,0.0525000000379805
Standard,0.0,0.0038000002859917004,0.045899999804532854,0.049700000090524554
Standard,0.0,0.004300000000512227,0.04599999965648749,0.05029999965699972
Standard,0.0,0.004099999841855606,0.045899999804532854,0.04999999964638846
Standard,0.0,0.004200000148557592,0.04639999997380073,0.050600000122358324
Standard,0.0,0.0036999999792897142,0.04600000011123484,0.049700000090524554
Standard,0.0,0.0039000001379463356,0.046099999963189475,0.05000000010113581
Standard,0.0,0.003999999989900971,0.046799999836366624,0.050799999826267594
Standard,0.0,0.0036999999792897142,0.04859999990003416,0.05229999987932388
Standard,0.0,0.003999999989900971,0.046799999836366624,0.050799999826267594
Standard,0.0,0.004199999693810241,0.0463000001218461,0.05049999981565634
Standard,0.0,0.004099999841855606,0.045900000259280205,0.05000000010113581
Standard,0.0,0.0037999998312443495,0.04650000028050272,0.05030000011174707
Standard,0.0,0.004099999841855606,0.04549999994196696,0.04959999978382257
Standard,0.0,0.0038999996831989847,0.045899999804532854,0.04979999948773184
Standard,0.0,0.004100000296602957,0.04540000009001233,0.049500000386615284
Standard,0.0,0.0036999999792897142,0.04529999978331034,0.048999999762600055
Standard,0.0,0.0038999996831989847,0.04570000010062358,0.04959999978382257
Standard,0.0,0.0036999999792897142,0.04549999994196696,0.049199999921256676
Standard,0.0,0.0038999996831989847,0.044800000068789814,0.0486999997519888
Standard,0.0,0.0037999998312443495,0.04459999991013319,0.04839999974137754
Standard,0.0,0.004099999841855606,0.044999999772699084,0.04909999961455469
Standard,0.0,0.003999999989900971,0.045199999931355705,0.049199999921256676
Standard,0.0,0.003700000434037065,0.04510000007940107,0.048800000513438135
Standard,0.0,0.0036999999792897142,0.044499999603431206,0.04819999958272092
Standard,0.0,0.0039000001379463356,0.045399999635264976,0.04929999977321131
Standard,0.0,0.004099999841855606,0.04570000010062358,0.04979999994247919
Standard,0.0,0.0038000002859917004,0.04510000007940107,0.04890000036539277
Standard,0.0,0.0036999999792897142,0.04549999994196696,0.049199999921256676
Standard,0.0,0.0036999999792897142,0.04530000023805769,0.049000000217347406
Standard,0.0,0.003999999989900971,0.045899999804532854,0.049899999794433825
Standard,0.0,0.003700000434037065,0.047900000026857015,0.05160000046089408
Standard,0.0,0.0036999999792897142,0.045399999635264976,0.04909999961455469
Standard,0.0,0.0036999999792897142,0.04540000009001233,0.04910000006930204
Standard,0.0,0.004600000011123484,0.04570000010062358,0.05030000011174707
Standard,0.0,0.0038999996831989847,0.04509999962465372,0.048999999307852704
Standard,0.0,0.0037999998312443495,0.04459999991013319,0.04839999974137754
Standard,0.0,0.0039000001379463356,0.04570000010062358,0.04960000023856992
Standard,0.0,0.0037999998312443495,0.045200000386103056,0.049000000217347406
Standard,0.0,0.0037999998312443495,0.045199999931355705,0.048999999762600055
Standard,0.0,0.004100000296602957,0.04560000024866895,0.049700000545271905
Standard,0.0,0.0038999996831989847,0.04540000009001233,0.04929999977321131
Standard,0.0,0.0036999999792897142,0.0463000001218461,0.05000000010113581
Standard,0.0,0.0038999996831989847,0.04600000011123484,0.049899999794433825
Standard,0.0,0.004099999841855606,0.04569999964587623,0.04979999948773184
Standard,0.0,0.003999999989900971,0.04489999992074445,0.04889999991064542
Standard,0.0,0.0038999996831989847,0.04509999962465372,0.048999999307852704
Standard,0.0,0.0038999996831989847,0.044800000068789814,0.0486999997519888
Standard,0.0,0.0037999998312443495,0.04450000005817856,0.04829999988942291
Standard,0.0,0.0037999998312443495,0.04580000040732557,0.04960000023856992
Standard,0.0,0.0037999998312443495,0.04570000010062358,0.04949999993186793
Standard,0.0,0.0039000001379463356,0.0463000001218461,0.05020000025979243
Standard,0.0,0.0039000001379463356,0.04529999978331034,0.049199999921256676
Standard,0.0,0.004300000000512227,0.04560000024866895,0.049900000249181176
Standard,0.0,0.003999999989900971,0.04600000011123484,0.05000000010113581
Standard,0.0,0.003999999989900971,0.04570000010062358,0.049700000090524554
Standard,0.0,0.0039000001379463356,0.04619999981514411,0.050099999953090446
Standard,0.0,0.0036999999792897142,0.04530000023805769,0.049000000217347406
Standard,0.0,0.0038000002859917004,0.04579999995257822,0.04960000023856992
Standard,0.0,0.004199999693810241,0.04560000024866895,0.04979999994247919
Standard,0.0,0.0037999998312443495,0.046800000291113975,0.050600000122358324
Standard,0.0,0.0039000001379463356,0.04649999982575537,0.0503999999637017
Standard,0.0,0.0038000002859917004,0.04669999998441199,0.05050000027040369
Standard,0.0,0.0039000001379463356,0.04870000020673615,0.052600000344682485
Standard,0.0,0.0036999999792897142,0.046099999963189475,0.04979999994247919
Standard,0.0,0.004099999841855606,0.04639999997380073,0.05049999981565634
Standard,0.0,0.0038999996831989847,0.046299999667098746,0.05019999935029773
Standard,0.0,0.003999999989900971,0.04580000040732557,0.04980000039722654
Standard,0.0,0.0039000001379463356,0.046100000417936826,0.05000000055588316
Standard,0.0,0.003999999989900971,0.046099999963189475,0.050099999953090446
Standard,0.0,0.0039000001379463356,0.0463000001218461,0.05020000025979243
Standard,0.0,0.0038000002859917004,0.04579999995257822,0.04960000023856992
Standard,0.0,0.004099999841855606,0.04619999981514411,0.05029999965699972
Standard,0.0,0.0038000002859917004,0.04569999964587623,0.04949999993186793
Standard,0.0,0.0039000001379463356,0.04540000009001233,0.04930000022795866
Standard,0.0,0.003700000434037065,0.04510000007940107,0.048800000513438135
Standard,0.0,0.0036999999792897142,0.046099999963189475,0.04979999994247919
Standard,0.0,0.0038999996831989847,0.04620000026989146,0.050099999953090446
Standard,0.0,0.0039000001379463356,0.045899999804532854,0.04979999994247919
Standard,0.0,0.0036999999792897142,0.04619999981514411,0.049899999794433825
Standard,0.0,0.003600000127335079,0.04649999982575537,0.050099999953090446
Standard,0.0,0.0039000001379463356,0.04639999997380073,0.05030000011174707
Standard,0.0,0.0037999998312443495,0.04560000024866895,0.0494000000799133
Standard,0.0,0.0036999999792897142,0.04529999978331034,0.048999999762600055
Standard,0.0,0.003600000127335079,0.04619999981514411,0.04979999994247919
Standard,0.0,0.003999999989900971,0.046999999995023245,0.050999999984924216
Standard,0.0,0.0037999998312443495,0.046099999963189475,0.049899999794433825
Standard,0.0,0.0038000002859917004,0.04619999981514411,0.05000000010113581
Standard,0.0,0.0036999999792897142,0.04579999995257822,0.04949999993186793
Standard,0.0,0.0036999999792897142,0.0455999997939216,0.04929999977321131
Standard,0.0,0.0038000002859917004,0.04540000009001233,0.04920000037600403
Standard,0.0,0.003999999989900971,0.046099999963189475,0.050099999953090446
Standard,0.0,0.003999999989900971,0.046099999963189475,0.050099999953090446
Standard,0.0,0.0037999998312443495,0.0455999997939216,0.04939999962516595
Standard,0.0,0.0036999999792897142,0.04549999994196696,0.049199999921256676
Standard,0.0,0.003999999989900971,0.047900000026857015,0.051900000016757986
Standard,0.0,0.0038000002859917004,0.046099999963189475,0.049900000249181176
Standard,0.0,0.004100000296602957,0.0463000001218461,0.050400000418449054
Standard,0.0,0.0037999998312443495,0.045900000259280205,0.049700000090524554
Standard,0.0,0.0037999998312443495,0.04570000010062358,0.04949999993186793
Standard,0.0,0.0037999998312443495,0.04579999995257822,0.04959999978382257
Standard,0.0,0.0036999999792897142,0.0463000001218461,0.05000000010113581
Standard,0.0,0.003600000127335079,0.0455999997939216,0.049199999921256676
Standard,0.0,0.0038999996831989847,0.045900000259280205,0.04979999994247919
Standard,0.0,0.0038999996831989847,0.046100000417936826,0.05000000010113581
Standard,0.0,0.0038000002859917004,0.04620000026989146,0.05000000055588316
Standard,0.0,0.0038999996831989847,0.046099999963189475,0.04999999964638846
Standard,0.0,0.0038999996831989847,0.04570000010062358,0.04959999978382257
Standard,0.0,0.0036999999792897142,0.04579999995257822,0.04949999993186793
Standard,0.0,0.0039000001379463356,0.04560000024866895,0.049500000386615284
Standard,0.0,0.003999999989900971,0.0455999997939216,0.04959999978382257
Standard,0.0,0.0039000001379463356,0.046099999963189475,0.05000000010113581
Standard,0.0,0.0037999998312443495,0.045199999931355705,0.048999999762600055
Standard,0.0,0.0037999998312443495,0.04560000024866895,0.0494000000799133
Standard,0.0,0.0039000001379463356,0.045899999804532854,0.04979999994247919
Standard,0.0,0.0038000002859917004,0.05939999982729205,0.06320000011328375
Standard,0.0,0.00650000038149301,0.04529999978331034,0.05180000016480335
Standard,0.0,0.002500000391592039,0.05160000000614673,0.05410000039773877
Standard,0.0,0.0039000001379463356,0.05780000037702848,0.06170000051497482
Standard,0.0,0.013600000329461182,0.09090000003197929,0.10450000036144047
Standard,0.0,0.0038999996831989847,0.0341999998454412,0.03809999952864018
Standard,0.0,0.002100000074278796,0.03190000006725313,0.03400000014153193
Standard,0.0,0.002600000243546674,0.032899999951041536,0.03550000019458821
Standard,0.0,0.002000000222324161,0.028700000257231295,0.030700000479555456
Standard,0.0,0.0017999996089201886,0.03480000032141106,0.03659999993033125
Standard,0.0,0.0022999997781880666,0.02900000026784255,0.03130000004603062
Standard,0.0,0.0017999996089201886,0.03259999994043028,0.03439999954935047
Standard,0.0,0.0027999999474559445,0.03409999999348656,0.03689999994094251
Standard,0.0,0.002100000074278796,0.028499999643827323,0.03059999971810612
Standard,0.0,0.0015999999050109182,0.03210000022590975,0.03370000013092067
Standard,0.0,0.00199999976757681,0.028100000236008782,0.030100000003585592
Standard,0.0,0.0018999999156221747,0.115299999833951,0.11719999974957318
Standard,0.0,0.004300000000512227,0.03909999986717594,0.043399999867688166
Standard,0.0,0.002000000222324161,0.11580000000321888,0.11780000022554304
Standard,0.0,0.004800000169780105,0.10689999999158317,0.11170000016136328
Standard,0.0,0.0044000003072142135,0.04509999962465372,0.04949999993186793
Standard,0.0,0.002500000391592039,0.12289999995118706,0.1254000003427791
Standard,0.0,0.0038000002859917004,0.05139999984749011,0.05520000013348181
Standard,0.0,0.00959999988481286,0.06819999998697313,0.07779999987178599
Standard,0.0,0.003099999958067201,0.04510000007940107,0.04820000003746827
Standard,0.0,0.008399999842367833,0.0648999998702493,0.07329999971261714
Standard,0.0,0.0027999999474559445,0.06920000032550888,0.07200000027296483
Standard,0.0,0.0038000002859917004,0.048800000058690784,0.052600000344682485
Standard,0.0,0.007999999979801942,0.0669999999445281,0.07499999992433004
Standard,0.0,0.002499999936844688,0.045000000227446435,0.04750000016429112
Standard,0.0,0.007999999979801942,0.06280000025071786,0.0708000002305198
Standard,0.0,0.0027000000955013093,0.04489999992074445,0.04760000001624576
Standard,0.0,0.00779999982114532,0.062200000229495345,0.07000000005064066
Standard,0.0,0.002499999936844688,0.04460000036488054,0.04710000030172523
Standard,0.0,0.007999999979801942,0.06269999994401587,0.07069999992381781
Standard,0.0,0.002600000243546674,0.068700000156241,0.07130000039978768
Standard,0.0,0.0037999998312443495,0.04939999962516595,0.053199999456410296
Standard,0.0,0.007899999673099956,0.09430000000065775,0.1021999996737577
Standard,0.0,0.0047999997150327545,0.14310000005934853,0.14789999977438129
Standard,0.0,0.010100000054080738,0.10550000024522888,0.11560000029930961
Standard,0.0,0.011199999789823778,0.11189999986527255,0.12309999965509633
Standard,0.0,0.006599999778700294,0.110200000108307,0.11679999988700729
Standard,0.0,0.007900000127847306,0.0953000003391935,0.10320000046704081
Standard,0.0,0.010700000075303251,0.1160000001618755,0.12670000023717876
Standard,0.0,0.006600000233447645,0.07550000009359792,0.08210000032704556
Standard,0.0,0.006499999926745659,0.07489999961762805,0.08139999954437371
Standard,0.0,0.005899999905523146,0.07239999968078337,0.07829999958630651
Standard,0.0,0.006000000212225132,0.09469999986322364,0.10070000007544877
Standard,0.0,0.010599999768601265,0.11700000004566391,0.12759999981426517
Standard,0.0,0.010199999906035373,0.08729999990464421,0.09749999981067958
Standard,0.0,0.005099999725644011,0.046099999963189475,0.051199999688833486
Standard,0.0,0.003000000106112566,0.03479999986666371,0.03779999997277628
Standard,0.0,0.002200000380980782,0.04219999982524314,0.04440000020622392
Standard,0.0,0.01050000037139398,0.11760000006688642,0.1281000004382804
Standard,0.0,0.009700000191514846,0.09929999987434712,0.10900000006586197
Standard,0.0,0.004200000148557592,0.04340000032243552,0.04760000047099311
Standard,0.0,0.0026999996407539584,0.029799999992974335,0.032499999633728294
Standard,0.0,0.0018000000636675395,0.047200000153679866,0.049000000217347406
Standard,0.0,0.010700000075303251,0.15479999956369284,0.1654999996389961
Standard,0.0,0.009800000043469481,0.09679999993750243,0.10659999998097192
Standard,0.0,0.004999999873689376,0.07690000029469957,0.08190000016838894
Standard,0.0,0.004300000000512227,0.08479999996779952,0.08909999996831175
Standard,0.0,0.01050000037139398,0.08170000000973232,0.0922000003811263
Standard,0.0,0.003200000264769187,0.04889999991064542,0.05210000017541461
Standard,0.0,0.00850000014906982,0.0656000001981738,0.07410000034724362
Standard,0.0,0.0028999997994105797,0.07230000028357608,0.07520000008298666
Standard,0.0,0.004499999704421498,0.049900000249181176,0.054399999953602673
Standard,0.0,0.008900000011635711,0.06459999985963805,0.07349999987127376
Standard,0.0,0.0027999999474559445,0.04550000039671431,0.04830000034417026
Standard,0.0,0.007999999979801942,0.06439999970098143,0.07239999968078337
Standard,0.0,0.0027000000955013093,0.06960000018807477,0.07230000028357608
Standard,0.0,0.003999999989900971,0.041399999645364005,0.045399999635264976
Standard,0.0,0.002499999936844688,0.0494000000799133,0.051900000016757986
Standard,0.0,0.008100000286503928,0.0646000003143854,0.07270000060088933
Standard,0.0,0.002599999788799323,0.0691000000188069,0.07169999980760622
Standard,0.0,0.0037999998312443495,0.05090000013296958,0.05469999996421393
Standard,0.0,0.008600000001024455,0.0646000003143854,0.07320000031540985
Standard,0.0,0.0027000000955013093,0.044800000068789814,0.04750000016429112
Standard,0.0,0.007899999673099956,0.06279999979597051,0.07069999946907046
Standard,0.0,0.0027000000955013093,0.06960000018807477,0.07230000028357608
Standard,0.0,0.0037999998312443495,0.04910000006930204,0.05289999990054639
Standard,0.0,0.007899999673099956,0.06399999983841553,0.07189999951151549
Standard,0.0,0.002599999788799323,0.04450000005817856,0.04709999984697788
Standard,0.0,0.007699999969190685,0.08389999993596575,0.09159999990515644
Standard,0.0,0.005899999905523146,0.11170000016136328,0.11760000006688642
Standard,0.0,0.007699999969190685,0.1191000001199427,0.1268000000891334
Standard,0.0,0.012900000001536682,0.10560000009718351,0.11850000009872019
Standard,0.0,0.009500000032858225,0.11469999981272849,0.12419999984558672
Standard,0.0,0.006799999937356915,0.110200000108307,0.11700000004566391
Standard,0.0,0.012399999832268804,0.11549999999260763,0.12789999982487643
Standard,0.0,0.00979999958872213,0.13930000022810418,0.1490999998168263
Standard,0.0,0.008099999831756577,0.11580000000321888,0.12389999983497546
Standard,0.0,0.012699999842880061,0.09869999985312461,0.11139999969600467
Standard,0.0,0.010199999906035373,0.10440000005473848,0.11459999996077386
Standard,0.0,0.005599999894911889,0.06050000001778244,0.06609999991269433
Standard,0.0,0.008800000159681076,0.07509999977628468,0.08389999993596575
Standard,0.0,0.007900000127847306,0.07860000005166512,0.08650000017951243
Standard,0.0,0.012099999821657548,0.07440000035785488,0.08650000017951243
Standard,0.0,0.005899999905523146,0.04910000006930204,0.05499999997482519
Standard,0.0,0.004199999693810241,0.04600000011123484,0.05019999980504508
Standard,0.0,0.003999999989900971,0.046099999963189475,0.050099999953090446
Standard,0.0,0.0038999996831989847,0.045199999931355705,0.04909999961455469
Standard,0.0,0.0037999998312443495,0.044999999772699084,0.048799999603943434
Standard,0.0,0.0038000002859917004,0.044999999772699084,0.048800000058690784
Standard,0.0,0.0038000002859917004,0.04459999991013319,0.04840000019612489
Standard,0.0,0.0036999999792897142,0.04470000021683518,0.04840000019612489
Standard,0.0,0.0036999999792897142,0.044999999772699084,0.0486999997519888
Standard,0.0,0.0037999998312443495,0.047900000026857015,0.051699999858101364
Standard,0.0,0.0036999999792897142,0.04469999976208783,0.04839999974137754
Standard,0.0,0.0036999999792897142,0.0442000000475673,0.047900000026857015
Standard,0.0,0.004300000000512227,0.04460000036488054,0.04890000036539277
Standard,0.0,0.0036999999792897142,0.044800000068789814,0.04850000004807953
Standard,0.0,0.0038000002859917004,0.044800000068789814,0.048600000354781514
Standard,0.0,0.0038000002859917004,0.04639999997380073,0.05020000025979243
Standard,0.0,0.0036999999792897142,0.04459999991013319,0.04829999988942291
Standard,0.0,0.0036999999792897142,0.04459999991013319,0.04829999988942291
Standard,0.0,0.004099999841855606,0.04489999992074445,0.048999999762600055
Standard,0.0,0.0036999999792897142,0.045000000227446435,0.04870000020673615
Standard,0.0,0.0039000001379463356,0.04470000021683518,0.048600000354781514
Standard,0.0,0.0036999999792897142,0.04459999991013319,0.04829999988942291
Standard,0.0,0.0036999999792897142,0.04510000007940107,0.048800000058690784
Standard,0.0,0.003600000127335079,0.045000000227446435,0.048600000354781514
Standard,0.0,0.0036999999792897142,0.0449000003754918,0.048600000354781514
Standard,0.0,0.0037999998312443495,0.04459999991013319,0.04839999974137754
Standard,0.0,0.0036999999792897142,0.04489999992074445,0.04859999990003416
Standard,0.0,0.0036999999792897142,0.04489999992074445,0.04859999990003416
Standard,0.0,0.0036999999792897142,0.04530000023805769,0.049000000217347406
Standard,0.0,0.0036999999792897142,0.04450000005817856,0.04820000003746827
Standard,0.0,0.0036999999792897142,0.04459999991013319,0.04829999988942291
Standard,0.0,0.003999999989900971,0.04439999975147657,0.04839999974137754
Standard,0.0,0.0038000002859917004,0.045899999804532854,0.049700000090524554
Standard,0.0,0.0037999998312443495,0.044800000068789814,0.04859999990003416
Standard,0.0,0.0039000001379463356,0.045000000227446435,0.04890000036539277
Standard,0.0,0.0037999998312443495,0.04459999991013319,0.04839999974137754
Standard,0.0,0.0036999999792897142,0.04459999991013319,0.04829999988942291
Standard,0.0,0.004200000148557592,0.044999999772699084,0.049199999921256676
Standard,0.0,0.0038000002859917004,0.04450000005817856,0.04830000034417026
Standard,0.0,0.0038000002859917004,0.04459999991013319,0.04840000019612489
Standard,0.0,0.0038000002859917004,0.044999999772699084,0.048800000058690784
Standard,0.0,0.004099999841855606,0.04710000030172523,0.05120000014358084
Standard,0.0,0.0036999999792897142,0.04489999992074445,0.04859999990003416
Standard,0.0,0.0037999998312443495,0.044800000068789814,0.04859999990003416
Standard,0.0,0.0038000002859917004,0.044800000068789814,0.048600000354781514
Standard,0.0,0.0036999999792897142,0.04450000005817856,0.04820000003746827
Standard,0.0,0.0036999999792897142,0.04469999976208783,0.04839999974137754
Standard,0.0,0.0036999999792897142,0.045000000227446435,0.04870000020673615
Standard,0.0,0.0036999999792897142,0.04440000020622392,0.048100000185513636
Standard,0.0,0.003700000434037065,0.04570000010062358,0.04940000053466065
Standard,0.0,0.0039000001379463356,0.04450000005817856,0.04840000019612489
Standard,0.0,0.003599999672587728,0.04529999978331034,0.04889999945589807
Standard,0.0,0.0036999999792897142,0.04469999976208783,0.04839999974137754
Standard,0.0,0.0037999998312443495,0.045199999931355705,0.048999999762600055
Standard,0.0,0.003600000127335079,0.04469999976208783,0.04829999988942291
Standard,0.0,0.003599999672587728,0.04450000005817856,0.048099999730766285
Standard,0.0,0.0039000001379463356,0.044299999899521936,0.04820000003746827
Standard,0.0,0.0037999998312443495,0.04459999991013319,0.04839999974137754
Standard,0.0,0.0036999999792897142,0.04489999992074445,0.04859999990003416
Standard,0.0,0.0036999999792897142,0.04450000005817856,0.04820000003746827
Standard,0.0,0.0038000002859917004,0.04459999991013319,0.04840000019612489
Standard,0.0,0.0039000001379463356,0.04450000005817856,0.04840000019612489
Standard,0.0,0.0036999999792897142,0.044299999899521936,0.04799999987881165
Standard,0.0,0.0038000002859917004,0.04459999991013319,0.04840000019612489
Standard,0.0,0.0038000002859917004,0.048800000058690784,0.052600000344682485
Standard,0.0,0.003600000127335079,0.04540000009001233,0.049000000217347406
Standard,0.0,0.0036999999792897142,0.045900000259280205,0.04960000023856992
Standard,0.0,0.0037999998312443495,0.04650000028050272,0.05030000011174707
Standard,0.0,0.003599999672587728,0.0752999999349413,0.07889999960752903
Standard,0.0,0.008600000001024455,0.07689999983995222,0.08549999984097667
Standard,0.0,0.004800000169780105,0.04870000020673615,0.053500000376516255
Standard,0.0,0.004100000296602957,0.04570000010062358,0.04980000039722654
Standard,0.0,0.004099999841855606,0.04760000001624576,0.051699999858101364
Standard,0.0,0.0038000002859917004,0.04459999991013319,0.04840000019612489
Standard,0.0,0.0036999999792897142,0.04529999978331034,0.048999999762600055
Standard,0.0,0.004500000159168849,0.044800000068789814,0.04930000022795866
Standard,0.0,0.0037999998312443495,0.0449000003754918,0.04870000020673615
Standard,0.0,0.0039000001379463356,0.04540000009001233,0.04930000022795866
Standard,0.0,0.0038000002859917004,0.045000000227446435,0.048800000513438135
Standard,0.0,0.0036999999792897142,0.04470000021683518,0.04840000019612489
Standard,0.0,0.0039000001379463356,0.04489999992074445,0.048800000058690784
Standard,0.0,0.0038000002859917004,0.04459999991013319,0.04840000019612489
Standard,0.0,0.0038000002859917004,0.04459999991013319,0.04840000019612489
Standard,0.0,0.0037999998312443495,0.04600000011123484,0.04979999994247919
Standard,0.0,0.0036999999792897142,0.04459999991013319,0.04829999988942291
Standard,0.0,0.0036999999792897142,0.044800000068789814,0.04850000004807953
Standard,0.0,0.0037999998312443495,0.04470000021683518,0.04850000004807953
Standard,0.0,0.0037999998312443495,0.04450000005817856,0.04829999988942291
Standard,0.0,0.004000000444648322,0.04439999975147657,0.04840000019612489
Standard,0.0,0.0039000001379463356,0.07030000006125192,0.07420000019919826
Standard,0.0,0.0036999999792897142,0.044299999899521936,0.04799999987881165
Standard,0.0,0.0038999996831989847,0.04450000005817856,0.04839999974137754
Standard,0.0,0.0036999999792897142,0.04489999992074445,0.04859999990003416
Standard,0.0,0.003600000127335079,0.04459999991013319,0.04820000003746827
Standard,0.0,0.003999999989900971,0.044800000068789814,0.048800000058690784
Standard,0.0,0.0037999998312443495,0.04820000003746827,0.05199999986871262
Standard,0.0,0.003599999672587728,0.044999999772699084,0.04859999944528681
Standard,0.0,0.0036999999792897142,0.044499999603431206,0.04819999958272092
Standard,0.0,0.003599999672587728,0.04649999982575537,0.050099999498343095
Standard,0.0,0.003600000127335079,0.04530000023805769,0.04890000036539277
Standard,0.0,0.003599999672587728,0.04799999987881165,0.05159999955139938
Standard,0.0,0.0036999999792897142,0.04600000011123484,0.049700000090524554
Standard,0.0,0.003599999672587728,0.04489999992074445,0.04849999959333218
Standard,0.0,0.0039000001379463356,0.04470000021683518,0.048600000354781514
Standard,0.0,0.0036999999792897142,0.0463000001218461,0.05000000010113581
Standard,0.0,0.0037999998312443495,0.04439999975147657,0.04819999958272092
Standard,0.0,0.0036999999792897142,0.04470000021683518,0.04840000019612489
Standard,0.0,0.0039000001379463356,0.0442000000475673,0.048100000185513636
Standard,0.0,0.0038000002859917004,0.044299999899521936,0.048100000185513636
Standard,0.0,0.0037999998312443495,0.04460000036488054,0.04840000019612489
Standard,0.0,0.0036999999792897142,0.04489999992074445,0.04859999990003416
Standard,0.0,0.003600000127335079,0.044100000195612665,0.047700000322947744
Standard,0.0,0.0038000002859917004,0.04439999975147657,0.04820000003746827
Standard,0.0,0.004099999841855606,0.04439999975147657,0.04849999959333218
Standard,0.0,0.0036999999792897142,0.04459999991013319,0.04829999988942291
Standard,0.0,0.003600000127335079,0.04440000020622392,0.048000000333559
Standard,0.0,0.0038000002859917004,0.0442000000475673,0.048000000333559
Standard,0.0,0.0038000002859917004,0.04579999995257822,0.04960000023856992
Standard,0.0,0.0037999998312443495,0.044800000068789814,0.04859999990003416
Standard,0.0,0.0036999999792897142,0.04460000036488054,0.04830000034417026
Standard,0.0,0.003600000127335079,0.04510000007940107,0.04870000020673615
Standard,0.0,0.0036999999792897142,0.04489999992074445,0.04859999990003416
Standard,0.0,0.0036999999792897142,0.04450000005817856,0.04820000003746827
Standard,0.0,0.0036999999792897142,0.04450000005817856,0.04820000003746827
Standard,0.0,0.0037999998312443495,0.04510000007940107,0.04889999991064542
Standard,0.0,0.0038000002859917004,0.0442000000475673,0.048000000333559
Standard,0.0,0.0038000002859917004,0.04450000005817856,0.04830000034417026
Standard,0.0,0.0036999999792897142,0.0449000003754918,0.048600000354781514
Standard,0.0,0.0037999998312443495,0.04470000021683518,0.04850000004807953
Standard,0.0,0.0036999999792897142,0.04489999992074445,0.04859999990003416
Standard,0.0,0.0036999999792897142,0.045199999931355705,0.04889999991064542
Standard,0.0,0.0036999999792897142,0.044800000068789814,0.04850000004807953
Standard,0.0,0.003999999989900971,0.04469999976208783,0.0486999997519888
Standard,0.0,0.003599999672587728,0.04489999992074445,0.04849999959333218
Standard,0.0,0.0036999999792897142,0.04549999994196696,0.049199999921256676
Standard,0.0,0.0038000002859917004,0.04450000005817856,0.04830000034417026
Standard,0.0,0.0036999999792897142,0.04659999967771,0.05029999965699972
Standard,0.0,0.0038000002859917004,0.04479999961404246,0.04859999990003416
Standard,0.0,0.0036999999792897142,0.04450000005817856,0.04820000003746827
Standard,0.0,0.003599999672587728,0.04469999976208783,0.048299999434675556
Standard,0.0,0.0036999999792897142,0.04529999978331034,0.048999999762600055
Standard,0.0,0.0037999998312443495,0.04560000024866895,0.0494000000799133
Standard,0.0,0.0036999999792897142,0.04669999998441199,0.0503999999637017
Standard,0.0,0.004999999873689376,0.049000000217347406,0.05400000009103678
Standard,0.0,0.004200000148557592,0.04579999995257822,0.05000000010113581
Standard,0.0,0.003999999989900971,0.04549999994196696,0.04949999993186793
Standard,0.0,0.0039000001379463356,0.045199999931355705,0.04910000006930204
Standard,0.0,0.0038000002859917004,0.058399999943503644,0.062200000229495345
Standard,0.0,0.016400000276917126,0.08130000014716643,0.09770000042408356
Standard,0.0,0.002599999788799323,0.09060000002136803,0.09319999981016736
Standard,0.0,0.014600000213249587,0.09490000002188026,0.10950000023512985
Standard,0.0,0.004999999873689376,0.046800000291113975,0.05180000016480335
Standard,0.0,0.010299999757990008,0.07759999971312936,0.08789999947111937
Standard,0.0,0.0033999999686784577,0.062399999933404615,0.06579999990208307
Standard,0.0,0.004100000296602957,0.04799999987881165,0.05210000017541461
Standard,0.0,0.0038000002859917004,0.04579999995257822,0.04960000023856992
Standard,0.0,0.003999999989900971,0.04459999991013319,0.04859999990003416
Standard,0.0,0.0039000001379463356,0.04450000005817856,0.04840000019612489
Standard,0.0,0.0036999999792897142,0.0442000000475673,0.047900000026857015
Standard,0.0,0.0036999999792897142,0.045000000227446435,0.04870000020673615
Standard,0.0,0.0036999999792897142,0.0449000003754918,0.048600000354781514
Standard,0.0,0.0037999998312443495,0.04469999976208783,0.04849999959333218
Standard,0.0,0.0039000001379463356,0.04439999975147657,0.04829999988942291
Standard,0.0,0.0036999999792897142,0.044299999899521936,0.04799999987881165
Standard,0.0,0.0036999999792897142,0.044299999899521936,0.04799999987881165
Standard,0.0,0.0038999996831989847,0.0442000000475673,0.048099999730766285
Standard,0.0,0.0038999996831989847,0.044100000195612665,0.04799999987881165
Standard,0.0,0.0036999999792897142,0.044299999899521936,0.04799999987881165
Standard,0.0,0.0039000001379463356,0.04840000019612489,0.05230000033407123
Standard,0.0,0.0036999999792897142,0.04439999975147657,0.048099999730766285
Standard,0.0,0.0036999999792897142,0.044100000195612665,0.04780000017490238
Standard,0.0,0.003999999989900971,0.0442000000475673,0.04820000003746827
Standard,0.0,0.0036999999792897142,0.04430000035426929,0.048000000333559
Standard,0.0,0.0036999999792897142,0.044299999899521936,0.04799999987881165
Standard,0.0,0.0036999999792897142,0.04380000018500141,0.04750000016429112
Standard,0.0,0.0037999998312443495,0.04470000021683518,0.04850000004807953
Standard,0.0,0.0038000002859917004,0.04459999991013319,0.04840000019612489
Standard,0.0,0.003600000127335079,0.04450000005817856,0.048100000185513636
Standard,0.0,0.0036999999792897142,0.045399999635264976,0.04909999961455469
Standard,0.0,0.003600000127335079,0.0449000003754918,0.04850000050282688
Standard,0.0,0.0037999998312443495,0.044299999899521936,0.048099999730766285
Standard,0.0,0.0036999999792897142,0.04470000021683518,0.04840000019612489
Standard,0.0,0.0038999996831989847,0.044100000195612665,0.04799999987881165
Standard,0.0,0.0036999999792897142,0.04450000005817856,0.04820000003746827
Standard,0.0,0.003999999989900971,0.04459999991013319,0.04859999990003416
Standard,0.0,0.0038000002859917004,0.04440000020622392,0.04820000049221562
Standard,0.0,0.0036999999792897142,0.043900000036956044,0.04760000001624576
Standard,0.0,0.0037999998312443495,0.04459999991013319,0.04839999974137754
Standard,0.0,0.0036999999792897142,0.044299999899521936,0.04799999987881165
Standard,0.0,0.003600000127335079,0.0442000000475673,0.04780000017490238
CP-SPA,2.5056189500529484,15.289699999812001,0.35720000005312613,18.152518949918075
CP-SPA,0.7107012296652391,0.15870000015638652,0.18219999992652447,1.05160122974815
CP-SPA,2.6336401627458863,0.12479999986680923,0.15200000007098424,2.9104401626836798
CP-SPA,1.2847276496769597,0.06310000026132911,0.12010000000373111,1.46792764994202
CP-SPA,1.62859596041661,0.04850000004807953,0.09030000001075678,1.7673959604754463
CP-SPA,1.227136626054292,0.1090999999178166,0.15450000000782893,1.4907366259799375
CP-SPA,0.5724699968564481,0.08330000036949059,0.0884000000951346,0.7441699973210733
CP-SPA,1.9882104213534364,0.07340000001931912,0.14490000012301607,2.2065104214957714
CP-SPA,1.4718971463551909,0.06030000031387317,0.08070000012594392,1.612897146795008
CP-SPA,1.40770992913235,0.05120000014358084,0.049700000090524554,1.5086099293664554
CP-SPA,1.8375568254778154,0.04910000006930204,0.048999999762600055,1.9356568253097175
CP-SPA,1.5589102681606641,0.05580000015470432,0.042800000301213004,1.6575102686165815
CP-SPA,0.6665186173904124,0.04220000027999049,0.041599999804020626,0.7503186174744235
CP-SPA,2.3023501435723563,0.09659999977884581,0.11089999998148414,2.5098501433326863
CP-SPA,0.817374590403748,0.04779999972015503,0.05310000005920301,0.9182745901831061
CP-SPA,2.183191044328153,0.05980000014460529,0.06679999978587148,2.30979104425863
CP-SPA,0.9094300778592236,0.06000000030326191,0.0762999998187297,1.045730077981215
CP-SPA,1.044224777116326,0.11300000005576294,0.10650000012901728,1.2637247773011062
CP-SPA,2.933710759127022,0.05979999968985794,0.05909999981668079,3.052610758633561
CP-SPA,1.9933351748783976,0.06369999982780428,0.0845999998091429,2.141635174515345
CP-SPA,2.669012286042981,0.05499999997482519,0.0608000000283937,2.7848122860461997
CP-SPA,1.5820806260694897,0.1484999997956038,0.18249999993713573,1.9130806258022293
CP-SPA,1.87341440107839,0.07139999979699496,0.10519999977987027,2.050014400655255
CP-SPA,1.338338487719126,0.05959999998594867,0.06599999960599234,1.463938487311067
CP-SPA,1.213184955259101,0.042299999677197775,0.04080000007888884,1.2962849550151876
CP-SPA,1.6337362932132344,0.059699999837903306,0.04709999984697788,1.7405362928981156
CP-SPA,2.454510863177609,0.04650000028050272,0.04290000015316764,2.5439108636112793
CP-SPA,1.7317407081673564,0.0542000002496934,0.055700000302749686,1.8416407087197995
CP-SPA,2.643754744569351,0.05229999987932388,0.054600000112259295,2.750654744560934
CP-SPA,0.5380279692625674,0.05029999965699972,0.05579999969995697,0.644127968619524
CP-SPA,1.4566407225386078,0.08029999980863067,0.12550000019473373,1.6624407225419722
CP-SPA,2.8868888885995387,0.07409999989249627,0.10470000006534974,3.0656888885573848
CP-SPA,0.671778773414151,0.07320000031540985,0.10520000023461762,0.8501787739641785
CP-SPA,2.9671985673500454,0.10549999979048152,0.21169999990888755,3.2843985670494145
CP-SPA,1.5451523052225649,0.07060000007186318,0.15930000017760904,1.775052305472037
CP-SPA,1.9881062607383821,0.08879999995770049,0.13710000030187075,2.2140062609979534
CP-SPA,2.323270674860117,0.08590000015828991,0.19389999988561613,2.603070674904023
CP-SPA,2.1603940288632772,0.07349999987127376,0.20350000022517634,2.4373940289597273
CP-SPA,2.7777350009283865,0.07370000002993038,0.1853999997365463,3.0368350006948632
CP-SPA,0.8643810241083534,0.0863000000208558,0.19739999970624922,1.1480810238354584
CP-SPA,1.4451725118980803,0.07360000017797574,0.2027000000452972,1.7214725121213532
CP-SPA,2.673756352343928,0.07360000017797574,0.12110000034226687,2.8684563528641704
CP-SPA,2.4286693164232296,0.07340000001931912,0.20300000005590846,2.705069316498457
CP-SPA,2.5873734069283483,0.07340000001931912,0.18659999977899133,2.8473734067266587
CP-SPA,2.0698214304771883,0.07300000015675323,0.21459999970829813,2.3574214303422396
CP-SPA,1.4471041074859632,0.07589999995616381,0.22639999997409177,1.7494041074162188
CP-SPA,1.4535290136659593,0.07329999971261714,0.20940000013069948,1.736229013509276
CP-SPA,1.389490362422026,0.07340000001931912,0.18080000018017017,1.6436903626215154
CP-SPA,1.373776548791885,0.07329999971261714,0.10720000000219443,1.5542765485066965
CP-SPA,1.1641213788402571,0.07340000001931912,0.10449999990669312,1.3420213787662694
CP-SPA,1.1143102314433238,0.07400000004054164,0.10490000022400636,1.2932102317078717
CP-SPA,1.8309326469153726,0.07299999970200588,0.10550000024522888,2.009432646862607
CP-SPA,1.5931628300580696,0.08609999986219918,0.18219999992652447,1.8614628298467932
CP-SPA,0.7656862505621982,0.07360000017797574,0.10380000003351597,0.9430862507736899
CP-SPA,0.7993769092695853,0.07320000031540985,0.10229999998045969,0.9748769095654548
CP-SPA,1.0226039825597797,0.07449999975506216,0.1216000000567874,1.2187039823716292
CP-SPA,1.769329066527864,0.07330000016736449,0.10479999991730438,1.947429066612533
CP-SPA,1.758463195116136,0.07499999992433004,0.10530000008657225,1.9387631951270383
CP-SPA,2.8281569716126294,0.07320000031540985,0.10519999977987027,3.0065569717079095
CP-SPA,2.0536118734516524,0.09470000031797099,0.19460000021354062,2.342911873983164
CP-SPA,2.241907125092201,0.12730000025840127,0.24489999987054034,2.6141071252211425
CP-SPA,1.068384229848752,0.07580000010420918,0.1059999999597494,1.2501842299127106
CP-SPA,1.0382849319880167,0.07340000001931912,0.1029000000016822,1.214584932009018
CP-SPA,1.4960138590845962,0.07379999988188501,0.10280000014972757,1.6726138591162087
CP-SPA,2.0088500764496393,0.07539999978689593,0.11630000017248676,2.200550076409022
CP-SPA,2.6988942555976037,0.0735999997232284,0.1042999997480365,2.8767942550688685
CP-SPA,0.866149136224986,0.07279999999809661,0.10359999987485935,1.042549136097942
CP-SPA,1.7056653494623826,0.07259999983943999,0.10419999989608186,1.8824653491979044
CP-SPA,2.517283838459268,0.12369999967631884,0.226800000291405,2.867783838426992
CP-SPA,1.0119228990903606,0.07470000036846614,0.10339999971620273,1.1900228991750295
CP-SPA,2.5405848045722785,0.07329999971261714,0.1036000003296067,2.7174848046145024
CP-SPA,1.3582250689871287,0.07520000008298666,0.21640000022671302,1.6498250692968284
CP-SPA,1.7039628864986847,0.09109999973588856,0.1339999998890562,1.9290628861236294
CP-SPA,2.74140862360392,0.26789999992615776,0.31790000002729357,3.3272086235573712
CP-SPA,2.0939872847899643,0.0804999999672873,0.12500000002546585,2.2994872847827175
CP-SPA,0.7201292516038464,0.0749000000723754,0.19509999992806115,0.990129251604283
CP-SPA,1.72236307491528,0.07469999991371878,0.19049999991693767,1.9875630747459363
CP-SPA,2.2335125559464286,0.07510000023103203,0.18939999972644728,2.498012555903908
CP-SPA,0.5568145431873921,0.0731999998606625,0.18490000002202578,0.8149145430700804
CP-SPA,0.7013661345620926,0.10569999994913815,0.15160000020841835,0.9586661347196491
CP-SPA,2.70909143172985,0.07289999985005124,0.19720000000233995,2.979191431582241
CP-SPA,0.9883773155495781,0.073900000188587,0.17769999976735562,1.2399773155055207
CP-SPA,1.4059842801963587,0.07360000017797574,0.26280000020051375,1.7423842805748482
CP-SPA,1.268321508616545,0.07420000019919826,0.19980000024588662,1.5423215090616298
CP-SPA,1.0687754350318177,0.07400000004054164,0.20320000021456508,1.3459754352869244
CP-SPA,2.137407497441446,0.07929999992484227,0.18499999987398041,2.4017074972402686
CP-SPA,1.517836239939753,0.08650000017951243,0.18000000000029104,1.7843362401195564
CP-SPA,2.926353022503453,0.07689999983995222,0.12440000000424334,3.1276530223476486
CP-SPA,1.4699103716257564,0.05469999996421393,0.09490000002188026,1.6195103716118506
CP-SPA,1.2087557565464215,0.04510000007940107,0.08789999992586672,1.3417557565516893
CP-SPA,2.813689646331617,0.046099999963189475,0.10070000007544877,2.960489646370255
CP-SPA,1.352981363831391,0.08260000004156609,0.11989999984507449,1.5554813637180316
CP-SPA,2.7010470821345756,0.07240000013553072,0.1181000002361543,2.8915470825062606
CP-SPA,1.8982666627337041,0.048000000333559,0.0918999999157677,2.0381666629830306
CP-SPA,1.2952735063759562,0.04179999996267725,0.08170000000973232,1.4187735063483657
CP-SPA,2.186781890359301,0.04620000026989146,0.09009999985210015,2.3230818904812924
CP-SPA,1.568508032044714,0.04820000003746827,0.08389999993596575,1.700608032018148
CP-SPA,1.319303817438058,0.04179999996267725,0.084300000253279,1.4454038176540143
CP-SPA,0.785635585519822,0.04780000017490238,0.08190000016838894,0.9153355858631134
CP-SPA,2.6186675858293187,0.12870000000475557,0.14569999984814785,2.893067585682222
CP-SPA,0.7805897655924119,0.0652999997328152,0.1160000001618755,0.9618897654871026
CP-SPA,2.8618555331057083,0.049900000249181176,0.09649999992689118,3.0082555332817806
CP-SPA,1.0319951007116563,0.04290000015316764,0.08819999993647798,1.163095100801302
CP-SPA,0.9543648901595482,0.043399999867688166,0.09180000006381306,1.0895648900910493
CP-SPA,2.2750319941674584,0.05319999991115765,0.0915000000532018,2.419731994131818
CP-SPA,0.6982429438744435,0.04250000029060175,0.08490000027450151,0.8256429444395468
CP-SPA,0.9944184390476758,0.042099999973288504,0.08210000032704556,1.1186184393480099
CP-SPA,1.3729554656138396,0.10659999998097192,0.12549999973998638,1.605055465334798
CP-SPA,1.6676883605864357,0.06859999984953902,0.11069999982282752,1.8469883602588022
CP-SPA,1.737833892618466,0.04710000030172523,0.08519999983036541,1.8701338927505566
CP-SPA,2.3632174193672877,0.04350000017439015,0.115299999833951,2.522017419375629
CP-SPA,1.454386833002224,0.04059999992023222,0.05290000035529374,1.54788683327775
CP-SPA,1.0640466698156996,0.04380000018500141,0.04020000005766633,1.1480466700583674
CP-SPA,1.6457711761485516,0.04170000011072261,0.04549999994196696,1.7329711762012412
CP-SPA,2.9733810711596935,0.05639999972117948,0.08930000012696837,3.1190810710078414
CP-SPA,2.105520736688692,0.062200000229495345,0.05939999982729205,2.2271207367454795
CP-SPA,2.241797068737883,0.08200000002034358,0.11390000008759671,2.4376970688458233
CP-SPA,1.7891936461791658,0.07299999970200588,0.18569999974715756,2.047893645628329
CP-SPA,1.4555739288990721,0.07300000015675323,0.10519999977987027,1.6337739288356956
CP-SPA,1.6751832001007434,0.07279999999809661,0.10350000002290471,1.8514832001217447
CP-SPA,2.46656530922699,0.07619999996677507,0.12319999996179831,2.6659653091555633
CP-SPA,2.9606030032254083,0.07310000000870787,0.10010000005422626,3.1338030032883424
CP-SPA,1.98216083794122,0.07379999988188501,0.1057000004038855,2.1616608382269904
CP-SPA,2.9349664374378195,0.08839999964038725,0.20760000006703194,3.2309664371452387
CP-SPA,2.446478402147691,0.07330000016736449,0.11039999981221627,2.630178402127272
CP-SPA,2.469883747671215,0.07400000004054164,0.1059999999597494,2.649883747671506
CP-SPA,2.3253027324013944,0.07340000001931912,0.10519999977987027,2.503902732200584
CP-SPA,0.6381786585208646,0.07299999970200588,0.10209999982180307,0.8132786580446736
CP-SPA,2.318409598105328,0.06840000014562975,0.17300000035902485,2.5598095986099825
CP-SPA,1.9927584194320604,0.0731999998606625,0.10359999987485935,2.1695584191675823
CP-SPA,1.0315999290616438,0.07370000002993038,0.1032999998642481,1.2085999289558222
CP-SPA,0.9496673523989742,0.09720000025481568,0.13080000007903436,1.177667352732824
CP-SPA,0.831256569379497,0.07400000004054164,0.12429999969754135,1.0295565691175799
CP-SPA,0.6935466945856501,0.05449999980555731,0.09640000007493654,0.844446694466144
CP-SPA,2.221568126278264,0.0735999997232284,0.16010000035748817,2.4552681263589804
CP-SPA,2.7596866845926256,0.06640000037805294,0.10780000002341694,2.9338866849940954
CP-SPA,2.5567964221214714,0.0832000000627886,0.20039999981236178,2.840396421996622
CP-SPA,1.9395104203471565,0.07389999973383965,0.1785000004019821,2.1919104204829782
CP-SPA,1.7396632526083586,0.07430000005115289,0.19040000006498303,2.0043632527244943
CP-SPA,2.7227902532183794,0.07469999991371878,0.18499999987398041,2.9824902530060786
CP-SPA,2.502194146249829,0.07310000000870787,0.18589999990581418,2.761194146164351
CP-SPA,1.8931758730942958,0.0731999998606625,0.1895999998851039,2.1559758728400626
CP-SPA,2.4707684603320192,0.07120000009308569,0.12639999977182015,2.668368460196925
CP-SPA,1.187044871929604,0.05229999987932388,0.08909999996831175,1.3284448717772397
CP-SPA,2.6577682900999546,0.05069999997431296,0.06880000000819564,2.7772682900824632
CP-SPA,1.422374129139551,0.07120000009308569,0.09409999984200113,1.587674129074638
CP-SPA,2.410401791950545,0.07200000027296483,0.10849999989659409,2.590901792120104
CP-SPA,0.8326568778531139,0.0783999998930085,0.08699999989403295,0.9980568776401554
CP-SPA,2.7594330084549257,0.10380000003351597,0.13230000013209064,2.9955330086205323
CP-SPA,0.8855484831857745,0.05089999967822223,0.08539999998902204,1.0218484828530188
CP-SPA,1.841457962257557,0.10750000001280569,0.09339999996882398,2.0423579622391865
CP-SPA,0.9038233788062674,0.05340000006981427,0.09279999994760146,1.050023378823683
CP-SPA,2.7246332000170916,0.04469999976208783,0.08870000010574586,2.8580331998849253
CP-SPA,2.8546689029400114,0.04309999985707691,0.08909999996831175,2.9868689027654
CP-SPA,2.4959517008878835,0.04820000003746827,0.11840000024676556,2.6625517011721174
CP-SPA,0.5984993801190864,0.04179999996267725,0.047200000153679866,0.6874993802354435
CP-SPA,2.3579628848980643,0.04690000014306861,0.05620000001727021,2.461062885058403
CP-SPA,0.6409478405483903,0.044499999603431206,0.03949999972974183,0.7249478398815633
CP-SPA,1.8449644822284614,0.06100000018705032,0.05330000021785963,1.9592644826333712
CP-SPA,2.3775228375824984,0.05729999975301325,0.04949999993186793,2.4843228372673796
CP-SPA,1.907306625684971,0.05539999983739108,0.04290000015316764,2.00560662567553
CP-SPA,0.7713707899632879,0.04930000022795866,0.04289999969842029,0.8635707898896668
CP-SPA,1.9505520569396488,0.0586999999541149,0.061100000039004954,2.0703520569327685
CP-SPA,1.185447578785185,0.09490000002188026,0.10309999970559147,1.3834475785126568
CP-SPA,0.7513733212702374,0.08100000013655517,0.12280000009923242,0.955173321506025
CP-SPA,1.130043330393717,0.10350000002290471,0.2127000002474233,1.446243330664045
CP-SPA,1.0419781954207314,0.0741999997444509,0.08400000024266774,1.20017819540785
CP-SPA,1.3811611813151028,0.06559999974342645,0.0710999997863837,1.517861180844913
CP-SPA,1.6603078570701757,0.1142999999501626,0.16019999975469545,1.9348078567750338
CP-SPA,1.4324374088189549,0.07110000024113106,0.0938999996833445,1.5974374087434304
CP-SPA,2.9060465798530393,0.07780000032653334,0.09060000002136803,3.0744465802009406
CP-SPA,1.1125415365573335,0.07420000019919826,0.09950000003300374,1.2862415367895355
CP-SPA,2.484592821635943,0.07760000016787671,0.11789999962275033,2.68009282142657
CP-SPA,1.8078860790742097,0.08889999980965513,0.1588999998602958,2.0556860787441606
CP-SPA,0.9528985643609319,0.07310000000870787,0.1947999999174499,1.2207985642870895
CP-SPA,1.410940811483651,0.130899999930989,0.18520000003263704,1.727040811447277
CP-SPA,2.7776345575751256,0.07869999990361976,0.11360000007698545,2.9699345575557308
CP-SPA,2.5108223861086802,0.07810000033714459,0.07690000029469957,2.6658223867405244
CP-SPA,1.8843134467097573,0.08609999986219918,0.12830000014218967,2.098713446714146
CP-SPA,0.9051051424185118,0.06930000017746352,0.11459999996077386,1.089005142556749
CP-SPA,0.5896431861571793,0.048800000058690784,0.08800000023256871,0.7264431864484387
CP-SPA,1.1197401153701563,0.043399999867688166,0.08449999995718827,1.2476401151950327
CP-SPA,1.135160896509368,0.042800000301213004,0.09219999992637895,1.27016089673696
CP-SPA,1.839419655992134,0.05669999973179074,0.1679000001786335,2.064019655902558
CP-SPA,1.1220092559358579,0.073900000188587,0.1909000002342509,1.3868092563586958
CP-SPA,2.0481743871354112,0.07439999990310753,0.1606000000720087,2.2831743871105274
CP-SPA,1.3354812738838981,0.07300000015675323,0.1283999999941443,1.5368812740347957
CP-SPA,0.8592402882992884,0.08560000014767866,0.094600000011269,1.039440288458236
CP-SPA,2.293407854899494,0.06810000013501849,0.11790000007749768,2.4794078551120102
CP-SPA,1.1704068831790981,0.06299999995462713,0.10400000019217259,1.3374068833258979
CP-SPA,0.8637841599502714,0.060599999869737076,0.09259999978894484,1.0169841596089533
CP-SPA,1.2331097433878713,0.06490000032499665,0.09910000017043785,1.3971097438833058
CP-SPA,0.5263010381307673,0.04619999981514411,0.09249999993699021,0.6650010378829017
CP-SPA,2.4785194274222184,0.06690000009257346,0.1029000000016822,2.648319427516474
CP-SPA,2.830653693494837,0.0691000000188069,0.0988000001598266,2.9985536936734705
CP-SPA,1.6034337322610315,0.061499999901570845,0.10629999997036066,1.771233732132963
CP-SPA,1.5777173879559654,0.07480000022042077,0.11919999997189734,1.7717173881482835
CP-SPA,1.1897366676651637,0.06010000015521655,0.10560000009718351,1.3554366679175638
CP-SPA,1.480268368824712,0.06159999975352548,0.09920000002239249,1.64106836860063
CP-SPA,2.484988828192735,0.048800000058690784,0.09640000007493654,2.630188828326362
CP-SPA,2.2788724875846977,0.04219999982524314,0.08829999978843261,2.4093724871983735
CP-SPA,2.8823260737950522,0.07770000001983135,0.21190000006754417,3.1719260738824278
CP-SPA,2.0992862111245203,0.08379999962926377,0.12349999997240957,2.3065862107261936
CP-SPA,1.275581731486222,0.08250000018961146,0.11549999999260763,1.473581731668441
CP-SPA,2.806598914532726,0.09539999973640079,0.1534000002720859,3.055398914541213
CP-SPA,0.7826249932874118,0.07830000004105386,0.11700000004566391,0.9779249933741295
CP-SPA,2.2870916995778217,0.07329999971261714,0.13450000005832408,2.494891699348763
CP-SPA,0.521646309671455,0.07730000015726546,0.141299999995681,0.7402463098244014
CP-SPA,1.5344354826096664,0.06419999999707215,0.09739999995872495,1.6960354825654635
CP-SPA,1.7264680624766737,0.07819999973435188,0.09060000002136803,1.8952680622323936
CP-SPA,1.825373645069614,0.05340000006981427,0.052600000344682485,1.9313736454841108
CP-SPA,1.6522804384985563,0.04999999964638846,0.062199999774747994,1.7644804379196928
CP-SPA,0.6308602912689394,0.0494000000799133,0.05400000009103678,0.7342602914398895
CP-SPA,2.926121399008765,0.04670000043915934,0.10440000005473848,3.0772213995026627
CP-SPA,1.2614950097350233,0.04219999982524314,0.09890000001178123,1.4025950095720476
CP-SPA,1.3689694282563438,0.06649999977526022,0.10649999967426993,1.541969427705874
CP-SPA,2.2159604281806002,0.11469999981272849,0.13799999987895717,2.468660427872286
CP-SPA,1.7401549237074392,0.062399999933404615,0.10320000001229346,1.9057549236531373
CP-SPA,2.162415924395352,0.04470000021683518,0.04979999994247919,2.2569159245546664
CP-SPA,1.9802702847343379,0.09549999958835542,0.0932000002649147,2.168970284587608
CP-SPA,2.4095542034838586,0.089399999978923,0.1297999997404986,2.6287542032032802
CP-SPA,2.0083084483786227,0.10340000017095008,0.10179999981119181,2.2135084483607645
CP-SPA,2.6409889681173433,0.10139999994862592,0.07069999992381781,2.813088967989787
CP-SPA,1.6218848843907756,0.09449999970456702,0.08940000043367036,1.805784884529013
CP-SPA,2.7937404079953727,0.08310000021083397,0.09890000001178123,2.975740408217988
CP-SPA,2.993876301974144,0.13589999980467837,0.19840000004478497,3.3281763018236075
CP-SPA,2.1473513267059343,0.09020000015880214,0.2523999996810744,2.489951326545811
CP-SPA,2.9317368898351974,0.13480000006893533,0.19000000020241714,3.25653689010655
CP-SPA,1.6286815595691604,0.07610000011482043,0.1191000001199427,1.8238815598039235
CP-SPA,1.887862795435353,0.06530000018756255,0.08550000029572402,2.03866279591864
CP-SPA,2.606916289267652,0.14290000035543926,0.16589999995630933,2.9157162895794007
CP-SPA,0.815135771497623,0.14220000002751476,0.21329999981389847,1.1706357713390363
CP-SPA,2.843743387806192,0.07360000017797574,0.12930000002597808,3.046643388010146
CP-SPA,2.3210307122872074,0.1339999998890562,0.11509999967529438,2.570130711851558
CP-SPA,1.8949108784547477,0.06430000030377414,0.16410000034738914,2.123310879105911
CP-SPA,1.7341150142848423,0.08449999995718827,0.11409999979150598,1.9327150140335365
CP-SPA,2.938547404791678,0.13489999992088997,0.12749999996231054,3.2009474046748787
CP-SPA,0.8389110721276937,0.13549999994211248,0.16269999969154014,1.1371110717613464
CP-SPA,1.8173195054034894,0.11210000002392917,0.10120000024471665,2.0306195056721354
CP-SPA,1.973198707225642,0.07349999987127376,0.08879999995770049,2.1354987070546163
CP-SPA,1.3007651880152729,0.07430000005115289,0.08849999994708924,1.463565188013515
CP-SPA,2.585599538486375,0.13590000025942572,0.11560000029930961,2.83709953904511
CP-SPA,1.1228506635550364,0.13800000033370452,0.0886999996509985,1.3495506635397394
CP-SPA,1.19217755354984,0.1409000001331151,0.15270000039890874,1.4857775540818638
CP-SPA,2.6953059037209584,0.07340000001931912,0.08799999977782136,2.856705903518099
CP-SPA,1.9300861120777184,0.13410000019575818,0.16150000010384247,2.225686112377319
CP-SPA,1.5536991348514424,0.1339999998890562,0.12299999980314169,1.8106991345436403
CP-SPA,1.9358856727436087,0.13549999994211248,0.1606000000720087,2.23198567275773
CP-SPA,0.8165958653774203,0.13349999971978832,0.18859999954656814,1.1386958646437768
CP-SPA,2.3854379320561145,0.13590000025942572,0.1563999999234511,2.6777379322389914
CP-SPA,1.2579375323980653,0.11249999988649506,0.18320000026506023,1.5536375325496206
CP-SPA,0.9751274302966613,0.07300000015675323,0.08859999979904387,1.1367274302524584
CP-SPA,2.0043175781280955,0.0729000003047986,0.08690000004207832,2.1641175784749724
CP-SPA,2.1484446513296143,0.07920000007288763,0.0870000003487803,2.314644651751282
CP-SPA,2.258196049630708,0.14279999959398992,0.2230000000054133,2.623996049230111
CP-SPA,0.5770796532921695,0.07300000015675323,0.08909999996831175,0.7391796534172345
CP-SPA,2.4452708014887707,0.13589999980467837,0.14719999990120414,2.7283708011946533
CP-SPA,2.3455491892064257,0.10269999984302558,0.08819999993647798,2.5364491889859293
CP-SPA,1.5081742509860536,0.13339999986783369,0.12220000007800991,1.7637742509318972
CP-SPA,1.1239144866601265,0.13519999993150122,0.14520000013362733,1.404314486725255
CP-SPA,1.1226616591396619,0.12460000016289996,0.1403000001118926,1.3875616594144544
CP-SPA,2.9080914763810806,0.07310000000870787,0.10270000029777293,3.0838914766875614
CP-SPA,2.2205780155442594,0.08269999989352073,0.20780000022568856,2.5110780156634687
CP-SPA,0.795539973094634,0.07209999967017211,0.08710000020073494,0.954739972965541
CP-SPA,0.9451988360812664,0.13540000009015785,0.16189999996640836,1.2424988361378326
CP-SPA,2.2680832310127093,0.13379999973039958,0.1627000001462875,2.5645832308893963
CP-SPA,1.1974871968252299,0.1336000000264903,0.16019999975469545,1.4912871966064156
CP-SPA,2.0328130193071656,0.10240000028716167,0.26750000006359187,2.402713019657919
CP-SPA,0.6300828797571683,0.07270000014614197,0.08660000003146706,0.7893828799347773
CP-SPA,1.7010678577944578,0.07450000020980951,0.16030000006139744,1.9358678580656647
CP-SPA,1.2664722597830587,0.07479999976567342,0.13519999993150122,1.4764722594802333
CP-SPA,2.025305064805395,0.07520000008298666,0.09210000007442432,2.192605064962806
CP-SPA,1.4947729027694256,0.053899999784334796,0.09090000003197929,1.6395729025857397
CP-SPA,1.883433240464096,0.05809999993289239,0.11240000003454043,2.0539332404315287
CP-SPA,2.254248857572922,0.043900000036956044,0.12739999965560855,2.4255488572654866
CP-SPA,2.567531382517684,0.07340000001931912,0.10110000039276201,2.742031382929765
CP-SPA,2.1239253846254353,0.06650000023000757,0.13930000022810418,2.329725385083547
CP-SPA,2.149722237169161,0.05069999997431296,0.09989999989556964,2.3003222370390435
CP-SPA,1.7708925042729988,0.044100000195612665,0.09009999985210015,1.9050925043207116
CP-SPA,1.1559618210459088,0.044100000195612665,0.06729999995513936,1.2673618211966609
CP-SPA,0.7005651788636201,0.06970000004002941,0.06840000014562975,0.8386651790492793
CP-SPA,1.6732153293087788,0.04619999981514411,0.04949999993186793,1.7689153290557909
CP-SPA,0.6145333559401007,0.04549999994196696,0.054599999657511944,0.7146333555395796
CP-SPA,2.334639442156003,0.04859999990003416,0.05850000025020563,2.441739442306243
CP-SPA,1.535932459798602,0.04769999986820039,0.07650000043213367,1.660132460098936
CP-SPA,1.077156244484838,0.050999999984924216,0.0586999999541149,1.186856244423877
CP-SPA,2.794797395658697,0.04659999967771,0.09649999992689118,2.937897395263298
CP-SPA,1.1260462985948696,0.06140000004961621,0.09679999993750243,1.2842462985819882
CP-SPA,1.3117222896857603,0.10410000004412723,0.04959999978382257,1.4654222895137101
CP-SPA,2.5549650022069863,0.07270000014614197,0.07899999991423101,2.7066650022673593
CP-SPA,2.970096367445692,0.10449999990669312,0.061500000356318196,3.1360963677087033
CP-SPA,0.6603763465440949,0.1081000000340282,0.04569999964587623,0.8141763462239994
CP-SPA,0.7315757752502158,0.11210000002392917,0.042099999973288504,0.8857757752474335
CP-SPA,1.3408665836077927,0.10120000024471665,0.04219999982524314,1.4842665836777524
CP-SPA,1.4491554826377124,0.10650000012901728,0.09719999980006833,1.652855482566798
CP-SPA,0.6304756072869859,0.10750000001280569,0.04369999987829942,0.781675607178091
CP-SPA,2.649118809040444,0.1173999999082298,0.08029999980863067,2.8468188087573045
CP-SPA,1.2347661337177456,0.1434000000699598,0.14890000011291704,1.5270661339006224
CP-SPA,1.487945940129115,0.09819999968385673,0.20459999996091938,1.7907459397738912
CP-SPA,1.1087216867592093,0.07279999999809661,0.08799999977782136,1.2695216865351273
CP-SPA,1.2793728628570717,0.07659999982934096,0.19000000020241714,1.5459728628888298
CP-SPA,0.9543052869062847,0.073900000188587,0.08810000008452334,1.116305287179395
CP-SPA,0.8156657231526496,0.13450000005832408,0.16139999979714048,1.1115657230081142
CP-SPA,1.4913831249292604,0.1336000000264903,0.16219999997701962,1.7871831249327703
CP-SPA,2.2394169547062215,0.0762999998187297,0.10229999998045969,2.418016954505411
CP-SPA,1.6248079235156832,0.07039999991320656,0.0897999998414889,1.7850079232703786
CP-SPA,2.192393361963776,0.07469999991371878,0.14719999990120414,2.414293361778699
CP-SPA,1.6793563043718358,0.09899999986373587,0.07300000015675323,1.851356304392325
CP-SPA,0.9838054800800132,0.08799999977782136,0.13080000007903436,1.2026054799368688
CP-SPA,2.6550847290154675,0.09959999988495838,0.11760000006688642,2.8722847289673124
CP-SPA,1.5301032184927956,0.07060000007186318,0.14109999983702437,1.7418032184016832
CP-SPA,1.7094406099963395,0.10530000008657225,0.05740000005971524,1.872140610142627
CP-SPA,1.1423590339918717,0.09240000008503557,0.08079999997789855,1.3155590340548058
CP-SPA,1.5402821835929836,0.07920000007288763,0.13119999994160025,1.7506821836074715
CP-SPA,0.8130515151745458,0.09619999991627992,0.06920000032550888,0.9784515154163346
CP-SPA,1.8143509618679492,0.09180000006381306,0.08020000041142339,1.9863509623431856
CP-SPA,2.254995558618929,0.11970000014116522,0.08350000007339986,2.458195558833494
CP-SPA,0.8805153385609868,0.13449999960357673,0.16439999990325305,1.1794153380678167
CP-SPA,0.8159551802054069,0.07210000012491946,0.13199999966673204,1.0200551799970585
CP-SPA,1.6654627977011385,0.12479999986680923,0.11319999975967221,1.90346279732762
CP-SPA,1.3898411246536027,0.06619999976464896,0.21879999985685572,1.6748411242751073
CP-SPA,0.8721718252890627,0.07570000025225454,0.1664000001255772,1.1142718256668944
CP-SPA,1.4221262883793062,0.07999999979801942,0.09619999991627992,1.5983262880936056
CP-SPA,1.5879158409270377,0.13140000010025688,0.1914000004035188,1.9107158414308134
CP-SPA,2.0456790107427203,0.1353999996354105,0.19219999967390322,2.373279010052034
CP-SPA,0.8096409795277874,0.1339999998890562,0.09630000022298191,1.0399409796398256
CP-SPA,2.2519443388907736,0.07539999978689593,0.1277999999729218,2.4551443386505913
CP-SPA,2.3819092063397513,0.12340000012045493,0.08890000026440248,2.5942092067246088
CP-SPA,0.545090921892309,0.07460000006176415,0.15170000006037299,0.7713909220144461
CP-SPA,1.163519058153127,0.07559999994555255,0.10610000026645139,1.345219058365131
CP-SPA,1.0666420168602158,0.0897999998414889,0.28410000004441827,1.440542016746123
CP-SPA,1.7967540595918838,0.07260000029418734,0.110200000108307,1.9795540599943782
CP-SPA,1.1715747433556802,0.07289999985005124,0.08699999989403295,1.3314747430997644
CP-SPA,0.963466902330301,0.12250000008862116,0.08680000019012368,1.1727669026090457
CP-SPA,1.2596446291573995,0.07310000000870787,0.08680000019012368,1.419544629356231
CP-SPA,0.5186907332016589,0.07400000004054164,0.18499999987398041,0.777690733116181
CP-SPA,2.945510424673007,0.1389000003655383,0.1968999999917287,3.281310425030274
CP-SPA,1.5966848555751085,0.07580000010420918,0.12299999980314169,1.7954848554824594
CP-SPA,1.594531465844859,0.07310000000870787,0.08260000004156609,1.750231465895133
CP-SPA,1.5387928046386543,0.07779999987178599,0.08829999978843261,1.704892804298873
CP-SPA,0.782026384920279,0.07279999999809661,0.08680000019012368,0.9416263851084993
CP-SPA,1.6775135447947704,0.13380000018514693,0.16180000011445372,1.973113545094371
CP-SPA,1.040879478595302,0.1216000000567874,0.0876999997672101,1.2501794784192994
CP-SPA,2.643034835650139,0.13380000018514693,0.1615999999557971,2.938434835791083
CP-SPA,1.105344412434752,0.08800000023256871,0.08239999988290947,1.2757444125502302
CP-SPA,2.1303007948644685,0.14209999972081278,0.29159999985495233,2.5640007944402337
CP-SPA,1.648708821083844,0.07400000004054164,0.15050000001792796,1.8732088211423137
CP-SPA,2.863918066987496,0.09249999993699021,0.28620000011869706,3.2426180670431832
CP-SPA,1.9233869956928373,0.07859999959691777,0.2457999999023741,2.247786995192129
CP-SPA,2.1545666975842184,0.09550000004310277,0.1554000000396627,2.405466697666984
CP-SPA,1.5564476433098822,0.07599999980811845,0.1868999997896026,1.8193476429076032
CP-SPA,1.967812820140048,0.07370000002993038,0.193099999705737,2.2346128198757156
CP-SPA,1.4594509435530336,0.07389999973383965,0.09309999995821272,1.626450943245086
CP-SPA,2.2774243364025795,0.11659999972835067,0.10270000029777293,2.496724336428703
CP-SPA,2.1170037085404783,0.0752999999349413,0.1824000000851811,2.3747037085606006
CP-SPA,0.5209913249770134,0.07479999976567342,0.1876000001175271,0.7833913248602139
CP-SPA,2.395809815352701,0.07640000012543169,0.20639999956983957,2.6786098150479725
CP-SPA,1.747593792260899,0.07420000019919826,0.08889999980965513,1.9106937922697524
CP-SPA,1.5232793239203855,0.07380000033663237,0.08870000010574586,1.6857793243627637
CP-SPA,0.6420495520052224,0.07330000016736449,0.11999999969702912,0.835349551869616
CP-SPA,1.6397201932033212,0.07340000001931912,0.08909999996831175,1.802220193190952
CP-SPA,1.8200524970135785,0.07749999986117473,0.1071000001502398,2.0046524970249933
CP-SPA,1.618701046269971,0.07370000002993038,0.18940000018119463,1.881801046481096
CP-SPA,1.5078991836114637,0.07519999962823931,0.0915000000532018,1.6745991832929048
CP-SPA,0.6453273149666467,0.07480000022042077,0.09090000003197929,0.8110273152190468
CP-SPA,0.9827480708511556,0.07539999978689593,0.09960000033970573,1.1577480709777572
CP-SPA,1.6624356371839841,0.07310000000870787,0.08819999993647798,1.82373563712917
CP-SPA,2.6394891577842343,0.07439999990310753,0.09070000032807002,2.804589158015412
CP-SPA,2.8149500746035043,0.07259999983943999,0.08389999993596575,2.97145007437891
CP-SPA,1.5640517072777809,0.07449999975506216,0.18739999995887047,1.8259517069917135
CP-SPA,0.6005782532573793,0.09159999990515644,0.1791999998204119,0.8713782529829477
CP-SPA,2.8076922057777476,0.0749000000723754,0.09339999996882398,2.975992205818947
CP-SPA,1.0614393832397382,0.07340000001931912,0.08780000007391209,1.2226393833329694
CP-SPA,1.2887825012051297,0.07260000029418734,0.08760000037000282,1.4489825018693199
CP-SPA,0.6270701386586037,0.07270000014614197,0.08779999961916474,0.7875701384239104
CP-SPA,2.034708222549306,0.08660000003146706,0.2050999996754399,2.326408222256213
CP-SPA,0.7627839414741765,0.07670000013604295,0.12539999988803174,0.9648839414982512
CP-SPA,2.8349902816695076,0.07920000007288763,0.09939999972630176,3.013590281468697
CP-SPA,2.8615871176092886,0.07519999962823931,0.11410000024625333,3.0508871174837813
CP-SPA,1.2058391640989206,0.07479999976567342,0.08909999996831175,1.3697391638329057
CP-SPA,2.643686919840584,0.07539999978689593,0.09039999986271141,2.8094869194901912
CP-SPA,2.971741006207739,0.07360000017797574,0.08960000013757963,3.1349410065232943
CP-SPA,1.0682445682904151,0.0721999999768741,0.09209999961967696,1.2325445678869662
CP-SPA,2.280684358559478,0.07469999991371878,0.08850000040183659,2.4438843588750334
CP-SPA,2.801072272120387,0.07879999975557439,0.09230000023308094,2.9721722721090424
CP-SPA,2.4656583286722182,0.07879999975557439,0.12459999970815261,2.6690583281359452
CP-SPA,2.7154810795257256,0.07890000006227638,0.1283999999941443,2.9227810795821463
CP-SPA,2.0911910231731707,0.06810000013501849,0.07100000038917642,2.2302910236973656
CP-SPA,0.952285104742928,0.04840000019612489,0.04450000005817856,1.0451851049972316
CP-SPA,2.191907382400054,0.044800000068789814,0.03909999986717594,2.2758073823360196
CP-SPA,1.2164490194224498,0.07539999978689593,0.08820000039122533,1.380049019600571
CP-SPA,2.066586506332935,0.05889999965802417,0.05139999984749011,2.1768865058384494
CP-SPA,2.0367426052461624,0.04949999993186793,0.04310000031182426,2.1293426054898545
CP-SPA,0.979688303160608,0.0783999998930085,0.12459999970815261,1.1826883027617692
CP-SPA,1.1635356674339767,0.09109999973588856,0.12179999976069666,1.376435666930562
CP-SPA,2.995120974985756,0.08920000027501374,0.10300000030838419,3.187320975569154
CP-SPA,2.956730183308258,0.0762999998187297,0.08969999998953426,3.122730183116522
CP-SPA,0.7740452081267338,0.07349999987127376,0.08650000017951243,0.93404520817752
CP-SPA,2.0788730054608977,0.07360000017797574,0.09090000003197929,2.2433730056708527
CP-SPA,2.4099401243007437,0.09749999981067958,0.21429999969768687,2.72174012380911
CP-SPA,0.8005067391774539,0.07279999999809661,0.08889999980965513,0.9622067389852056
CP-SPA,2.48531191896544,0.14290000035543926,0.10130000009667128,2.7295119194175506
CP-SPA,0.6516482636843658,0.14330000021800515,0.15520000033575343,0.9501482642381244
CP-SPA,2.623691620156619,0.11730000005627517,0.08720000005268957,2.8281916202655837
CP-SPA,2.9107475856001828,0.1434000000699598,0.17220000017914572,3.2263475858492883
CP-SPA,2.2489744929584687,0.07279999999809661,0.09309999995821272,2.414874492914778
CP-SPA,2.5756244245498854,0.1436000002286164,0.1666999996814411,2.885924424459943
CP-SPA,1.5130457907334431,0.07260000029418734,0.08640000032755779,1.6720457913551883
CP-SPA,1.960576011817882,0.073900000188587,0.08779999961916474,2.1222760116256336
CP-SPA,2.0793453559018626,0.14259999989008065,0.1430000002073939,2.364945355999337
CP-SPA,1.0396449720807985,0.14319999991130317,0.12559999959194101,1.3084449715840427
CP-SPA,1.7440272641431298,0.07469999991371878,0.2058000000033644,2.0245272640602128
CP-SPA,0.8807751161073715,0.07430000005115289,0.10130000009667128,1.0563751162551955
CP-SPA,2.3743755339947104,0.13420000004771282,0.16520000008313218,2.6737755341255554
CP-SPA,1.009233604173061,0.14389999978448031,0.14700000019729487,1.3001336041548361
CP-SPA,2.1122158353679072,0.1443999999537482,0.15759999996589613,2.4142158352875516
CP-SPA,2.9391066042093414,0.1420000003236055,0.23229999987961492,3.313406604412562
CP-SPA,2.6838311180090426,0.07520000008298666,0.19209999982194859,2.951131117913978
CP-SPA,1.8909427467777644,0.0752999999349413,0.19239999983255984,2.1586427465452656
CP-SPA,1.205920357213485,0.07520000008298666,0.18829999999070424,1.4694203572871758
CP-SPA,2.959014361621753,0.1351000000795466,0.19729999985429458,3.291414361555594
CP-SPA,1.56917008705288,0.0870000003487803,0.2051999999821419,1.8613700873838022
CP-SPA,1.132659976326772,0.06490000032499665,0.18120000004273606,1.3787599766945047
CP-SPA,2.8661670885729107,0.07310000000870787,0.12479999986680923,3.064067088448428
CP-SPA,0.6832830987832171,0.05030000011174707,0.09129999989454518,0.8248830987895094
CP-SPA,2.279445825607394,0.10729999985414906,0.1274000001103559,2.514145825571899
CP-SPA,2.338465882796482,0.053499999921768904,0.09279999994760146,2.4847658826658523
CP-SPA,2.845019053815221,0.08600000001024455,0.1326000001427019,3.0636190539681674
CP-SPA,1.1465800582216596,0.08449999995718827,0.19939999992857338,1.4304800581074213
CP-SPA,2.8848738253036563,0.07520000008298666,0.11880000010933145,3.0788738254959744
CP-SPA,1.528854202418028,0.07400000004054164,0.10730000030889641,1.710154202767466
CP-SPA,2.309158766512935,0.07350000032602111,0.10549999979048152,2.4881587666294376
CP-SPA,2.9451799572022703,0.0731999998606625,0.10549999979048152,3.1238799568534144
CP-SPA,0.7816211095704416,0.07360000017797574,0.10399999973742524,0.9592211094858426
CP-SPA,0.9764597791590311,0.07439999990310753,0.10479999991730438,1.1556597789794432
CP-SPA,2.61197389089762,0.08170000000973232,0.26729999990493525,2.9609738908122876
CP-SPA,2.970155788573076,0.0731999998606625,0.10400000019217259,3.147355788625911
CP-SPA,1.3102024331574142,0.07299999970200588,0.10310000016033882,1.486302433019759
CP-SPA,1.8241275712666958,0.07330000016736449,0.10400000019217259,2.001427571626233
CP-SPA,2.2695779316743816,0.07310000000870787,0.10490000022400636,2.447577931907096
CP-SPA,1.0698493499553987,0.07340000001931912,0.11499999982333975,1.2582493497980576
CP-SPA,2.5286581650918,0.09100000033868128,0.13480000006893533,2.7544581654994165
CP-SPA,2.5129794049226497,0.07340000001931912,0.105000000075961,2.69137940501793
CP-SPA,1.1351902548210362,0.07350000032602111,0.10540000039327424,1.3140902555403315
CP-SPA,1.5865731637474414,0.07349999987127376,0.10659999998097192,1.766673163599687
CP-SPA,1.225459309914509,0.07289999985005124,0.1042999997480365,1.4026593095125968
CP-SPA,1.747698958330297,0.07310000000870787,0.10449999990669312,1.925298958245698
CP-SPA,2.034158882537095,0.07279999999809661,0.1046000002133951,2.211558882748587
CP-SPA,0.622372544246322,0.07300000015675323,0.10469999961060239,0.8000725440136777
CP-SPA,2.571393517977321,0.07409999989249627,0.1081000000340282,2.7535935179038455
CP-SPA,1.4496026943124127,0.07320000031540985,0.10689999999158317,1.6297026946194058
CP-SPA,2.976588873088736,0.0731999998606625,0.10519999977987027,3.1549888727292688
CP-SPA,1.777297071734417,0.07330000016736449,0.10619999966365867,1.95679707156544
CP-SPA,0.8464976887866786,0.07469999991371878,0.11050000011891825,1.0316976888193157
CP-SPA,2.1385745465067667,0.09899999986373587,0.23300000020753941,2.470574546578042
CP-SPA,0.5816985520278612,0.07289999985005124,0.10509999992791563,0.7596985518058281
CP-SPA,2.4835812511968425,0.08909999996831175,0.22070000022722525,2.7933812513923795
CP-SPA,2.520367772627212,0.073900000188587,0.10509999992791563,2.6993677727437144
CP-SPA,2.120835101835885,0.07300000015675323,0.1032999998642481,2.2971351018568864
CP-SPA,2.3505156121187922,0.07289999985005124,0.10849999989659409,2.5319156118654376
CP-SPA,2.166105898412304,0.07969999978740816,0.2134999999725551,2.4593058981722673
CP-SPA,2.4916610791902953,0.07470000036846614,0.204699999812874,2.7710610793716355
CP-SPA,2.379501261556882,0.0874000002113462,0.10470000006534974,2.5716012618335777
CP-SPA,1.3852759638859624,0.07370000002993038,0.10209999982180307,1.5610759637376959
CP-SPA,1.9196314180211635,0.07349999987127376,0.10340000017095008,2.096531418063387
CP-SPA,1.0257648758325364,0.07310000000870787,0.10380000003351597,1.2026648758747602
CP-SPA,1.2499331676413499,0.07350000032602111,0.10369999972681399,1.427133167694185
CP-SPA,2.9612699442464017,0.07320000031540985,0.10300000030838419,3.1374699448701957
CP-SPA,2.8773185548033386,0.07539999978689593,0.11519999998199637,3.067918554572231
CP-SPA,2.5313344966130558,0.07370000002993038,0.10459999975864775,2.709634496401634
CP-SPA,1.4958395270365044,0.07360000017797574,0.10399999973742524,1.6734395269519053
CP-SPA,2.367739470294384,0.0741999997444509,0.10479999991730438,2.5467394699561394
CP-SPA,0.9510202573546551,0.09749999981067958,0.22679999983665766,1.2753202570019924
CP-SPA,1.6402131529553061,0.07349999987127376,0.11039999981221627,1.8241131526387961
CP-SPA,1.9990620228716494,0.07340000001931912,0.10579999980109278,2.1782620226920613
CP-SPA,2.7379874681836736,0.07330000016736449,0.10519999977987027,2.9164874681309083
CP-SPA,1.7995825322647736,0.0735999997232284,0.18330000011701486,2.056482532105017
CP-SPA,2.9329314483006126,0.07340000001931912,0.18480000017007114,3.191131448490003
CP-SPA,1.235859827212411,0.07499999992433004,0.18589999990581418,1.4967598270425553
CP-SPA,1.350806501365382,0.07340000001931912,0.18350000027567148,1.6077065016603727
CP-SPA,1.8320138729397977,0.0741999997444509,0.17389999993611127,2.08011387262036
CP-SPA,2.707575518175494,0.07340000001931912,0.18249999993713573,2.9634755181319488
CP-SPA,0.6719833993591569,0.07360000017797574,0.19020000036107376,0.9357833998982064
CP-SPA,2.631423121299965,0.07350000032602111,0.18499999987398041,2.8899231214999666
CP-SPA,1.4641285269264606,0.07349999987127376,0.18390000013823737,1.7215285269359717
CP-SPA,2.97742493068169,0.15339999981733854,0.40970000009110663,3.540524930590135
CP-SPA,2.460970235125743,0.08640000032755779,0.13540000009015785,2.6827702355434586
CP-SPA,2.6694497709792233,0.07519999962823931,0.21180000021558953,2.956449770823052
CP-SPA,2.7544268682422994,0.08529999968232005,0.1953999999386724,3.035126867863292
CP-SPA,1.1298109236481204,0.07349999987127376,0.17909999996845727,1.3824109234878514
CP-SPA,0.8606836672501892,0.07310000000870787,0.18669999963094597,1.120483666889843
CP-SPA,1.267244286835128,0.0731999998606625,0.18210000007456983,1.5225442867703602
CP-SPA,1.7367536861483337,0.10789999987537158,0.2537000000302214,2.0983536860539265
CP-SPA,2.0099493886687356,0.07270000014614197,0.18659999977899133,2.269249388593869
CP-SPA,1.2900404909209164,0.0797999996393628,0.1764000003277033,1.5462404908879825
CP-SPA,1.966851142116078,0.08219999972425285,0.15459999985978357,2.2036511417001146
CP-SPA,1.7269149780444886,0.08969999998953426,0.20069999982297304,2.017314977856996
CP-SPA,2.8627757354498717,0.08810000008452334,0.21130000004632166,3.1621757355807167
CP-SPA,1.369024100162708,0.07609999966007308,0.21629999992001103,1.661424099742792
CP-SPA,1.5973894554030943,0.07340000001931912,0.20200000017212005,1.8727894555945335
CP-SPA,1.9731525679740265,0.07520000008298666,0.20119999999224092,2.249552568049254
CP-SPA,1.30470269268949,0.08519999983036541,0.0949999998738349,1.4849026923936903
CP-SPA,1.2053383082149756,0.0741999997444509,0.1471000000492495,1.426638308008676
CP-SPA,1.9082746406163715,0.07480000022042077,0.21769999966636533,2.2007746405031576
CP-SPA,2.5683317549720464,0.07409999989249627,0.19419999989622738,2.83663175476077
CP-SPA,1.6980284768727654,0.07340000001931912,0.18309999995835824,1.9545284768504425
CP-SPA,2.90262877179892,0.07369999957518303,0.18600000021251617,3.162328771586619
CP-SPA,0.7177731458298934,0.08660000003146706,0.23659999988012714,1.0409731457414877
CP-SPA,2.612593135834753,0.07519999962823931,0.18309999995835824,2.8708931354213507
CP-SPA,2.0890656276164488,0.07479999976567342,0.20439999980226276,2.368265627184385
CP-SPA,1.0672981545465967,0.07389999973383965,0.18719999980021385,1.3283981540806502
CP-SPA,1.5740268303749754,0.0752999999349413,0.12650000007852213,1.7758268303884388
CP-SPA,1.9923637122561095,0.07330000016736449,0.10619999966365867,2.171863712087133
CP-SPA,1.4610829529888396,0.0735999997232284,0.1063999998223153,1.6410829525343833
CP-SPA,2.9555627075588466,0.07099999993442907,0.18159999990530196,3.2081627073985777
CP-SPA,1.2385026380743729,0.0731999998606625,0.10789999987537158,1.419602637810407
CP-SPA,2.5203701214064784,0.0735999997232284,0.10539999993852689,2.6993701210682337
CP-SPA,1.234662053600555,0.07330000016736449,0.10379999957876862,1.4117620533466881
CP-SPA,2.7211576674870197,0.0731999998606625,0.10279999969498022,2.8971576670426624
CP-SPA,0.5170244907105035,0.07349999987127376,0.10279999969498022,0.6933244902767575
CP-SPA,2.173952048504043,0.07410000034724362,0.18569999974715756,2.433752048598444
CP-SPA,2.1881027081859368,0.07340000001931912,0.10449999990669312,2.366002708111949
CP-SPA,1.6934025274651323,0.073900000188587,0.10430000020278385,1.8716025278565032
CP-SPA,2.644383853140536,0.07420000019919826,0.10490000022400636,2.8234838535637405
CP-SPA,1.654158514529689,0.0735999997232284,0.1046000002133951,1.8323585144663126
CP-SPA,2.456319848338614,0.0735999997232284,0.10430000020278385,2.6342198482646264
CP-SPA,2.946386094773973,0.07329999971261714,0.10250000013911631,3.1221860946257065
CP-SPA,1.787799751156066,0.08590000015828991,0.1038999998854706,1.9775997511998262
CP-SPA,2.3616996291937,0.07320000031540985,0.10580000025584013,2.54069962976495
CP-SPA,2.0009701010567364,0.07460000006176415,0.10420000035082921,2.17977010146933
CP-SPA,0.7941895982283103,0.07289999985005124,0.105000000075961,0.9720895981543225
CP-SPA,0.8031175859703156,0.07330000016736449,0.10659999998097192,0.983017586118652
CP-SPA,1.5872127954615873,0.0957000002017594,0.18809999983204762,1.8710127954953943
CP-SPA,1.421275113189318,0.07330000016736449,0.10350000002290471,1.5980751133795872
CP-SPA,1.7454020122509362,0.07550000009359792,0.11670000003505265,1.9376020123795867
CP-SPA,0.6744368748839362,0.09940000018104911,0.20649999987654155,0.9803368749415269
CP-SPA,0.5351511053769404,0.07400000004054164,0.1955000002453744,0.8046511056628565
CP-SPA,1.8804621512789765,0.07340000001931912,0.2189000001635577,2.1727621514618534
CP-SPA,1.9565450848935562,0.0749000000723754,0.1094999997803825,2.1409450847463143
CP-SPA,0.7407965502761114,0.050999999984924216,0.0918999999157677,0.8836965501768033
CP-SPA,1.5884629720963688,0.05400000009103678,0.11740000036297715,1.7598629725503827
CP-SPA,2.0068587216678977,0.07460000006176415,0.094600000011269,2.176058721740931
CP-SPA,1.2745832393105412,0.05239999973127851,0.05400000009103678,1.3809832391328565
CP-SPA,2.1346849665288192,0.04859999990003416,0.04529999978331034,2.2285849662121637
CP-SPA,2.0430725849547464,0.07540000024164328,0.2137000001312117,2.3321725853276014
CP-SPA,2.130505370977158,0.07430000005115289,0.10440000005473848,2.3092053710830496
CP-SPA,1.5168888876124005,0.07299999970200588,0.10220000012850505,1.6920888874429114
CP-SPA,1.7721699633566532,0.07000000005064066,0.09109999973588856,1.9332699631431824
CP-SPA,2.3453284638092327,0.05499999997482519,0.14969999983804883,2.5500284636221067
CP-SPA,2.6301693545606075,0.059299999975337414,0.07830000004105386,2.767769354576999
CP-SPA,0.8310980446009893,0.047900000026857015,0.050600000122358324,0.9295980447502047
CP-SPA,1.5910838367149684,0.07439999990310753,0.12129999959142879,1.7867838362095048
CP-SPA,0.9575084847718071,0.07370000002993038,0.10519999977987027,1.1364084845816076
CP-SPA,1.2704579136159757,0.0731999998606625,0.10449999990669312,1.4481579133833313
CP-SPA,2.0074634657915182,0.07050000021990854,0.1457999997001025,2.2237634657115293
CP-SPA,2.188794466065151,0.07310000000870787,0.10560000009718351,2.3674944661710424
CP-SPA,1.832531184682777,0.07349999987127376,0.10479999991730438,2.010831184471355
CP-SPA,1.5019792838351116,0.07489999961762805,0.11619999986578478,1.6930792833185244
CP-SPA,0.8800675224898877,0.07330000016736449,0.1042999997480365,1.0576675224052887
CP-SPA,2.4954909998764268,0.07330000016736449,0.10729999985414906,2.6760909998979403
CP-SPA,0.8207358070945713,0.07330000016736449,0.10459999975864775,0.9986358070205835
CP-SPA,0.8124279586591664,0.06630000007135095,0.20039999981236178,1.0791279585428792
CP-SPA,2.841448204225544,0.0731999998606625,0.10550000024522888,3.020148204331435
CP-SPA,1.583507680738827,0.07329999971261714,0.10430000020278385,1.761107680654228
CP-SPA,0.5843689227766667,0.07310000000870787,0.18779999982143636,0.845268922606811
CP-SPA,2.451327886264459,0.07349999987127376,0.1870999999482592,2.711927886083992
CP-SPA,1.8945965499012802,0.07389999973383965,0.19239999983255984,2.1608965494676795
CP-SPA,0.8084755245006979,0.07329999971261714,0.1818999999159132,1.0636755241292284
CP-SPA,1.5320572710215918,0.08930000012696837,0.23739999960525893,1.8587572707538191
CP-SPA,1.9670803037487536,0.07349999987127376,0.18939999972644728,2.2299803033464745
CP-SPA,2.8116004347523957,0.0741999997444509,0.18219999992652447,3.068000434423371
CP-SPA,1.1911434249527362,0.07349999987127376,0.19010000005437178,1.4547434248783817
CP-SPA,1.3112542749575198,0.07549999963885057,0.20470000026762136,1.5914542748639917
CP-SPA,1.1303650995733885,0.07400000004054164,0.1922999999806052,1.3966650995945353
CP-SPA,2.751034339711088,0.0832000000627886,0.13500000022759195,2.9692343400014685
CP-SPA,2.1977204916452293,0.06849999999758438,0.10730000030889641,2.37352049195171
CP-SPA,2.2740394478845563,0.08690000004207832,0.19199999996999395,2.5529394478966285
CP-SPA,1.9440644762060597,0.07430000005115289,0.1443999999537482,2.1627644762109606
CP-SPA,2.161435438876361,0.07569999979750719,0.1992000002246641,2.4363354388985323
CP-SPA,2.051350748624449,0.07349999987127376,0.17799999977796688,2.3028507482736895
CP-SPA,2.040089876902291,0.0667000003886642,0.19290000000182772,2.2996898772927827
CP-SPA,2.0633413100359785,0.0741999997444509,0.1793000001271139,2.3168413099075433
CP-SPA,1.2244658556662409,0.07310000000870787,0.13379999973039958,1.4313658554053483
CP-SPA,1.0691142100818485,0.05180000016480335,0.09470000031797099,1.2156142105646228
CP-SPA,1.9094988747611075,0.07240000013553072,0.12590000005729962,2.1077988749539376
CP-SPA,1.606205731742505,0.06880000000819564,0.08649999972476508,1.7615057314754656
CP-SPA,2.2255335030960155,0.08620000016890117,0.14109999983702437,2.452833503101941
CP-SPA,1.744134566618526,0.08690000004207832,0.11420000009820797,1.9452345667588122
CP-SPA,1.6582247652767041,0.10380000003351597,0.16079999977591797,1.922824765086138
CP-SPA,2.5907865595340236,0.0812000002952118,0.11869999980262946,2.790686559631865
CP-SPA,1.9873687206410575,0.0708000002305198,0.07850000019971048,2.136668721071288
CP-SPA,2.401117425146669,0.07349999987127376,0.07929999992484227,2.553917424942785
CP-SPA,1.5658128564279494,0.09129999989454518,0.10089999977935804,1.7580128561018527
CP-SPA,0.8713000048151677,0.056599999879836105,0.09430000000065775,1.0222000046956614
CP-SPA,2.843294150708306,0.07469999991371878,0.10560000009718351,3.0235941507192083
CP-SPA,0.5766652960319315,0.11300000005576294,0.27780000027632923,0.9674652963640237
CP-SPA,0.9500020441044613,0.0787000003583671,0.12409999999363208,1.1528020444564606
CP-SPA,2.4153620160246123,0.07270000014614197,0.11269999959040433,2.6007620157611586
CP-SPA,1.305773971884488,0.054600000112259295,0.0617999999121821,1.4221739719089295
CP-SPA,1.9530277637175275,0.05160000000614673,0.061100000039004954,2.065727763762679
CP-SPA,2.204048223854851,0.08410000009462237,0.14869999995426042,2.4368482239037337
CP-SPA,0.9837589550840621,0.08560000014767866,0.10969999993903912,1.17905895517078
CP-SPA,0.8068179817667233,0.0511000002916262,0.06180000036692945,0.9197179824252789
CP-SPA,2.3176935887472485,0.053900000239082146,0.06010000015521655,2.431693589141547
CP-SPA,0.7679452722102794,0.0710999997863837,0.13999999964653398,0.9790452716431971
CP-SPA,2.381442653700585,0.07869999990361976,0.10490000022400636,2.565042653828211
CP-SPA,0.6390407869860336,0.06940000002941815,0.07279999999809661,0.7812407870135484
CP-SPA,0.9378936071262004,0.04639999997380073,0.052999999752501026,1.0372936068525023
CP-SPA,1.5092279493148175,0.08070000012594392,0.10699999984353781,1.6969279492842992
CP-SPA,2.2470116475145594,0.06609999991269433,0.12100000003556488,2.4341116474628186
CP-SPA,1.4533246207602453,0.04870000020673615,0.14210000017556013,1.6441246211425415
CP-SPA,1.0594158883209595,0.08730000035939156,0.13469999976223335,1.2814158884425844
CP-SPA,2.977292979762061,0.07000000005064066,0.13480000006893533,3.182092979881637
CP-SPA,1.3265884003209818,0.0648999998702493,0.08859999979904387,1.480088399990275
CP-SPA,0.8599804037541582,0.06630000007135095,0.11469999981272849,1.0409804036382375
CP-SPA,2.5348014715510634,0.08380000008401112,0.12220000007800991,2.7408014717130844
CP-SPA,1.6953080681112251,0.0494000000799133,0.09649999992689118,1.8412080681180296
CP-SPA,2.7086590906308414,0.07260000029418734,0.0928999997995561,2.874159090724585
CP-SPA,2.920080305370122,0.07430000005115289,0.11549999999260763,3.1098803054138826
CP-SPA,0.5009061929468116,0.05419999979494605,0.11730000005627517,0.6724061927980328
CP-SPA,1.7563528279084213,0.0708000002305198,0.1187999996545841,1.9459528277935252
CP-SPA,2.8882276937723286,0.08339999976669787,0.13699999999516876,3.108627693534195
CP-SPA,2.917718202990751,0.08660000003146706,0.1550000001770968,3.159318203199315
CP-SPA,1.4985858326823343,0.07580000010420918,0.11420000009820797,1.6885858328847514
CP-SPA,2.6460574992243084,0.05689999989044736,0.08450000041193562,2.7874574995266914
CP-SPA,2.6126549466768125,0.06860000030428637,0.11539999968590564,2.7966549466670045
CP-SPA,1.0961525205050109,0.06450000000768341,0.09000000000014552,1.2506525205128398
CP-SPA,2.145295302931946,0.07539999978689593,0.099800000043615,2.320495302762457
CP-SPA,1.328644493370456,0.06549999989147182,0.10879999990720535,1.5029444931691331
CP-SPA,0.5845520078243598,0.05139999984749011,0.06519999988086056,0.7011520075527105
CP-SPA,2.774890631532871,0.05790000022898312,0.07589999995616381,2.908690631718018
CP-SPA,2.9145883887343214,0.0967000000855478,0.06119999989095959,3.0724883887108287
CP-SPA,1.2243511250050434,0.09890000001178123,0.05790000022898312,1.3811511252458077
CP-SPA,2.839848533349167,0.07880000021032174,0.09349999982077861,3.0121485333802673
CP-SPA,1.672754704237559,0.0525000000379805,0.0555999999960477,1.7808547042715872
CP-SPA,1.2157569223987377,0.04799999987881165,0.04739999985758914,1.3111569221351385
CP-SPA,1.17929513255733,0.04470000021683518,0.0463000001218461,1.2702951328960113
CP-SPA,2.1468305553039246,0.09330000011686934,0.09950000003300374,2.3396305554537977
CP-SPA,0.5711939804894194,0.11210000002392917,0.042099999973288504,0.7253939804866371
CP-SPA,2.189350430029599,0.09989999989556964,0.08710000020073494,2.3763504301259037
CP-SPA,1.1435965303647462,0.07589999995616381,0.16499999992447556,1.3844965302453855
CP-SPA,1.667755140578576,0.08479999996779952,0.10139999994862592,1.8539551404950014
CP-SPA,1.4000343789852958,0.10059999976874678,0.0496999996357772,1.5503343783898198
CP-SPA,2.980578428867235,0.11479999966468313,0.10209999982180307,3.197478428353721
CP-SPA,1.4788759547575578,0.1504999995631806,0.10530000008657225,1.7346759544073107
CP-SPA,2.1472027244075202,0.1440000000911823,0.1778000000740576,2.46900272457276
CP-SPA,2.303419916851955,0.1011999997899693,0.3412999999454769,2.7459199165874013
CP-SPA,1.5650485585269716,0.07709999999860884,0.12619999961316353,1.768348558138744
CP-SPA,2.504482130586512,0.08670000033816905,0.11210000002392917,2.7032821309486104
CP-SPA,2.556024101150139,0.15370000028269715,0.15780000012455275,2.8675241015573887
CP-SPA,2.7710576285420925,0.1384000001962704,0.0876999997672101,2.997157628505573
CP-SPA,2.5365851655739062,0.07360000017797574,0.08780000007391209,2.697985165825794
CP-SPA,1.7285852241413964,0.14680000003863825,0.17220000017914572,2.0475852243591803
CP-SPA,2.3755680161111425,0.1430000002073939,0.17209999987244373,2.69066801619098
CP-SPA,0.8632093369589035,0.13850000004822505,0.08640000032755779,1.0881093373346864
CP-SPA,1.6189237173086237,0.14349999992191442,0.20979999999326537,1.9722237172238033
CP-SPA,2.0448021399950447,0.07509999977628468,0.1005000003715395,2.220402140142869
CP-SPA,0.7942193633420542,0.09339999996882398,0.25959999993574456,1.1472193632466228
CP-SPA,1.7247791887089252,0.07370000002993038,0.08960000013757963,1.8880791888764352
CP-SPA,1.7499989093179482,0.07719999985056347,0.0897999998414889,1.9169989090100006
CP-SPA,1.7705799188347282,0.07670000013604295,0.2706999998736137,2.117979918844385
CP-SPA,2.677800789703975,0.07409999989249627,0.08799999977782136,2.8399007893742927
CP-SPA,1.9652041800232836,0.1351000000795466,0.1627000001462875,2.2630041802491174
CP-SPA,2.183793709217909,0.07539999978689593,0.11570000015126425,2.374893709156069
CP-SPA,1.713964860633524,0.08189999971364159,0.10580000025584013,1.9016648606030058
CP-SPA,0.6538822624705144,0.09129999989454518,0.044999999772699084,0.7901822621377587
CP-SPA,2.9829157119027014,0.1428999999006919,0.23019999980533612,3.3560157116087295
CP-SPA,2.112312652817052,0.13379999973039958,0.1876000001175271,2.433712652664979
CP-SPA,2.6232220268977087,0.1357000001007691,0.10659999998097192,2.8655220269794497
CP-SPA,2.794782366733261,0.07570000025225454,0.19000000020241714,3.060482367187933
CP-SPA,2.5500989414750306,0.07760000016787671,0.09420000014870311,2.7218989417916104
CP-SPA,2.289163157103531,0.07780000032653334,0.0959999997576233,2.4629631571876875
CP-SPA,1.0271755221833032,0.08860000025379122,0.1021999996737577,1.2179755221108521
CP-SPA,2.052446284822911,0.13529999978345586,0.22759999956178945,2.415346284168156
CP-SPA,2.3885221642046415,0.0918999999157677,0.18769999996948172,2.668122164089891
CP-SPA,1.7858191999818027,0.0731999998606625,0.08690000004207832,1.9459191998845435
CP-SPA,2.560276351255292,0.13629999966724426,0.1498000001447508,2.846376351067287
CP-SPA,2.7445312605881695,0.1336000000264903,0.09929999987434712,2.977431260489007
CP-SPA,2.029871154642793,0.07420000019919826,0.08729999990464421,2.1913711547466357
CP-SPA,1.399448656069336,0.07279999999809661,0.08750000006330083,1.5597486561307334
CP-SPA,2.577584764568754,0.08009999964997405,0.15250000024025212,2.81018476445898
CP-SPA,1.4280905444791254,0.068700000156241,0.11039999981221627,1.6071905444475827
CP-SPA,1.779414286194757,0.07830000004105386,0.08889999980965513,1.946614286045466
CP-SPA,0.7269956512320404,0.07469999991371878,0.08250000018961146,0.8841956513353706
CP-SPA,1.4660299559297838,0.0525000000379805,0.09940000018104911,1.6179299561488134
CP-SPA,0.6809778918741357,0.044299999899521936,0.08589999970354256,0.8111778914772002
CP-SPA,1.399771984996283,0.04369999987829942,0.10699999984353781,1.5504719847181203
CP-SPA,1.9540514494523165,0.0729000003047986,0.09640000007493654,2.1233514498320516
CP-SPA,2.6893628250691273,0.057499999911669875,0.11559999984456226,2.8624628248253594
CP-SPA,2.655397683422559,0.04439999975147657,0.1029000000016822,2.802697683175718
CP-SPA,0.7438465943609966,0.04179999996267725,0.08679999973537633,0.8724465940590502
CP-SPA,0.973387867504746,0.04059999992023222,0.08799999977782136,1.1019878672027996
CP-SPA,1.9140138418050718,0.041400000100111356,0.0866999998834217,2.0421138417886047
CP-SPA,0.818392944588937,0.042300000131945126,0.08079999997789855,0.9414929446987806
CP-SPA,0.9757481833074854,0.046999999995023245,0.08990000014819088,1.1126481834506994
CP-SPA,2.594609757148205,0.08310000021083397,0.20799999992959783,2.885709757288637
CP-SPA,0.813399592424203,0.07469999991371878,0.11829999994006357,1.0063995922779854
CP-SPA,0.8176443216097863,0.06729999995513936,0.11350000022503082,0.9984443217899565
CP-SPA,2.128344975110469,0.0691000000188069,0.1121999998758838,2.3096449750051598
CP-SPA,1.3110841430610685,0.0608000000283937,0.08519999983036541,1.4570841429198276
CP-SPA,0.7980319374616023,0.11019999965355964,0.04569999964587623,0.9539319367610382
CP-SPA,2.2370140903474254,0.09920000002239249,0.06259999963731389,2.3988140900071317
CP-SPA,0.5627404014940297,0.11000000040439772,0.09750000026542693,0.7702404021638544
CP-SPA,1.0252804434594027,0.10280000014972757,0.1094999997803825,1.2375804433895128
CP-SPA,1.4451307526531636,0.1081000000340282,0.04819999958272092,1.6014307522699127
CP-SPA,2.0245763673466337,0.10560000009718351,0.1150000002780871,2.2451763677219043
CP-SPA,2.564937171172555,0.1443999999537482,0.17759999991540099,2.886937171041704
CP-SPA,1.3687152634153517,0.1351000000795466,0.1625999998395855,1.6664152633344838
CP-SPA,1.3309220756188607,0.13349999971978832,0.11799999992945231,1.5824220752681013
CP-SPA,0.5877225282668805,0.0731999998606625,0.08849999994708924,0.7494225280746323
CP-SPA,1.869093236493007,0.09109999973588856,0.1940000001923181,2.154193236421214
CP-SPA,0.718991640470696,0.07440000035785488,0.08830000024317997,0.8816916410717308
CP-SPA,1.3787405449588368,0.07609999966007308,0.09090000003197929,1.5457405446508892
CP-SPA,2.518932419713544,0.089399999978923,0.16279999999824213,2.771132419690709
CP-SPA,1.573260632813777,0.11009999980160501,0.12279999964448507,1.8061606322598671
CP-SPA,1.0674021594586611,0.09350000027552596,0.10070000007544877,1.2616021598096359
CP-SPA,1.7874143706906838,0.08350000007339986,0.058200000239594374,1.929114371003678
CP-SPA,2.8215127113370353,0.08190000016838894,0.11009999980160501,3.0135127113070292
CP-SPA,2.8521739981748344,0.09399999999004649,0.07909999976618565,3.0252739979310665
CP-SPA,1.715803472879664,0.13589999980467837,0.1913000000968168,2.0430034727811597
CP-SPA,0.8748408954722641,0.13989999979457934,0.16150000010384247,1.1762408953706858
CP-SPA,0.5850324652025597,0.13420000004771282,0.16169999980775174,0.8809324650580242
CP-SPA,2.6389731682442457,0.1121999998758838,0.08679999973537633,2.837973167855506
CP-SPA,2.445358716315143,0.07370000002993038,0.12319999996179831,2.6422587163068716
CP-SPA,1.100305677033128,0.07430000005115289,0.08549999984097667,1.2601056769252577
CP-SPA,0.5169292036569979,0.07480000022042077,0.08900000011635711,0.6807292039937758
CP-SPA,1.3069548690715673,0.07450000020980951,0.08639999987281044,1.4678548691541873
CP-SPA,1.0312142397692665,0.0735999997232284,0.09229999977833359,1.1971142392708285
CP-SPA,1.4177469937570868,0.13090000038573635,0.09230000023308094,1.640946994375904
CP-SPA,2.1727555498614772,0.07279999999809661,0.08759999991525547,2.3331555497748293
CP-SPA,2.098648053314252,0.1351000000795466,0.16139999979714048,2.395148053190939
CP-SPA,0.5337305100378521,0.07409999989249627,0.08819999993647798,0.6960305098668264
CP-SPA,2.816766751874759,0.13390000003710156,0.09810000028664945,3.04876675219851
CP-SPA,0.5327793791602893,0.13440000020636944,0.14699999974254752,0.8141793791092062
CP-SPA,2.5440799388060817,0.07279999999809661,0.08659999957671971,2.703479938380898
CP-SPA,2.6983931016425635,0.1274000001103559,0.0863000000208558,2.9120931017737752
CP-SPA,0.9146852884401568,0.13429999989966745,0.16219999997701962,1.211185288316844
CP-SPA,2.59203107486888,0.07770000001983135,0.2040999997916515,2.873831074680363
CP-SPA,0.5265820006304357,0.07699999969190685,0.17560000014782418,0.7791820004701667
CP-SPA,1.6593451571472067,0.07449999975506216,0.1861000000644708,1.9199451569667396
CP-SPA,1.3037741511642236,0.08230000003095483,0.20749999976032996,1.5935741509555084
CP-SPA,1.2462883814311305,0.0760000002628658,0.094600000011269,1.4168883817052653
CP-SPA,1.065266601907483,0.07379999988188501,0.08710000020073494,1.226166601990103
CP-SPA,1.023336974177858,0.07279999999809661,0.09039999986271141,1.186536974038666
CP-SPA,2.911720205297007,0.07589999995616381,0.09839999984251335,3.086020205095684
CP-SPA,0.8743954574269892,0.07330000016736449,0.11080000012952951,1.0584954577238832
CP-SPA,2.3224782273871787,0.1428999999006919,0.1733999997668434,2.638778227054714
CP-SPA,1.61936458236459,0.07370000002993038,0.0876999997672101,1.7807645821617304
CP-SPA,2.594775931031821,0.13579999995272374,0.16090000008261995,2.8914759310671645
CP-SPA,1.903931627102619,0.14069999997445848,0.1212000001942215,2.165831627271299
CP-SPA,0.9777932077856835,0.08440000010523363,0.19799999972747173,1.2601932076183888
CP-SPA,2.9245677934284546,0.11050000011891825,0.17389999993611127,3.208967793483484
CP-SPA,1.0772999525709321,0.08279999974547536,0.18700000009630457,1.347099952412712
CP-SPA,2.3735213091200325,0.17789999992601224,0.2173000002585468,2.7687213093045915
CP-SPA,0.6928765959521483,0.08109999998850981,0.11940000013055396,0.8933765960712121
CP-SPA,0.6023502795222991,0.07310000000870787,0.11089999998148414,0.7863502795124911
CP-SPA,2.1276166940284256,0.07370000002993038,0.10620000011840602,2.307516694176762
CP-SPA,2.2762791499758928,0.12090000018361025,0.15859999984968454,2.5557791500091875
CP-SPA,1.3894197968092041,0.07439999990310753,0.15419999999721767,1.6180197967095293
CP-SPA,2.9510366143504805,0.14790000022912864,0.25959999993574456,3.3585366145153537
CP-SPA,2.7172036177432255,0.16019999975469545,0.37810000003446476,3.2555036175323857
CP-SPA,1.2517029553127086,0.07499999992433004,0.2210000002378365,1.5477029554748751
CP-SPA,2.0501764566534084,0.07750000031592208,0.22570000010091462,2.353376457070245
CP-SPA,2.1665661740887887,0.14370000008057104,0.17579999985173345,2.486066174021093
CP-SPA,0.9957501389527882,0.07329999971261714,0.10609999981170404,1.1751501384771093
CP-SPA,1.0757975709240075,0.09369999997943523,0.17459999980928842,1.3440975707127312
CP-SPA,2.4331538432309636,0.13039999976172112,0.13800000033370452,2.7015538433263893
CP-SPA,2.0167695051065686,0.04689999968832126,0.061299999742914224,2.124969504537804
CP-SPA,2.304617878425229,0.084300000253279,0.1071000001502398,2.4960178788287477
CP-SPA,1.8744564578206138,0.05980000014460529,0.08109999998850981,2.015356457953729
CP-SPA,1.3539956717517116,0.06500000017695129,0.08760000037000282,1.5065956722986658
CP-SPA,1.4454203494480788,0.0638999999864609,0.08200000002034358,1.5913203494548833
CP-SPA,0.7225486135272795,0.05539999983739108,0.07549999963885057,0.8534486130035212
CP-SPA,0.5968675044074335,0.05509999982677982,0.05620000001727021,0.7081675042514836
CP-SPA,0.8315803418883678,0.054600000112259295,0.06780000012440723,0.9539803421250344
CP-SPA,1.6724496591974458,0.0866999998834217,0.10010000005422626,1.8592496591350938
CP-SPA,2.965450325525544,0.11239999957979308,0.13000000035390258,3.2078503254592396
CP-SPA,1.329254359045006,0.08029999980863067,0.10879999990720535,1.5183543587608421
CP-SPA,0.8371077784401677,0.04949999993186793,0.0608000000283937,0.9474077784004293
CP-SPA,1.939920626806914,0.07809999988239724,0.09129999989454518,2.1093206265838567
CP-SPA,1.7544739559864235,0.09649999992689118,0.13269999999465654,1.9836739559079712
CP-SPA,0.6919248792297767,0.05529999998543644,0.07269999969139462,0.8199248789066078
CP-SPA,2.5180016233682467,0.0780000000304426,0.10110000039276201,2.6971016237914514
CP-SPA,0.9900103254796965,0.060200000007171184,0.07300000015675323,1.123210325643621
CP-SPA,0.9951246899872033,0.09920000002239249,0.125699999898643,1.2200246899082388
CP-SPA,2.6128003181789032,0.11089999998148414,0.13750000016443664,2.861200318324824
CP-SPA,1.1225311736914827,0.054799999816168565,0.05700000019714935,1.2343311737048006
CP-SPA,1.2027360727976744,0.13870000020688167,0.2283000003444613,1.5697360733490173
CP-SPA,2.530759123279035,0.04930000022795866,0.05890000011277152,2.6389591236197654
CP-SPA,1.1387119377619457,0.05210000017541461,0.050600000122358324,1.2414119380597186
CP-SPA,1.7932761745683092,0.044800000068789814,0.044299999899521936,1.882376174536621
CP-SPA,2.003597738306475,0.09420000014870311,0.09380000028613722,2.1915977387413155
CP-SPA,1.742790477181086,0.0503999999637017,0.052800000048591755,1.8459904771933795
CP-SPA,0.6762945778995182,0.044299999899521936,0.041000000237545464,0.7615945780365856
CP-SPA,2.468274551177658,0.0646000003143854,0.07199999981821747,2.6048745513102607
CP-SPA,2.2406304277936093,0.048099999730766285,0.0494000000799133,2.338130427604289
CP-SPA,1.839187609425568,0.04269999999451102,0.039199999719130574,1.9210876091392095
CP-SPA,2.3867752346441007,0.0511000002916262,0.058600000102160266,2.496475235037887
CP-SPA,2.4411724379386337,0.05810000038763974,0.058200000239594374,2.557472438565868
CP-SPA,2.1803683282575848,0.05290000035529374,0.056400000175926834,2.2896683287888053
CP-SPA,2.4473149314005105,0.08479999996779952,0.11530000028869836,2.6474149316570084
CP-SPA,2.6515933313330935,0.07370000002993038,0.10440000005473848,2.8296933314177624
CP-SPA,1.2657125409227052,0.07329999971261714,0.10340000017095008,1.4424125408062725
CP-SPA,2.60731933210926,0.09199999976772233,0.21939999987807823,2.9187193317550606
CP-SPA,1.5177229921280975,0.07689999983995222,0.08690000004207832,1.681522992010128
CP-SPA,1.3016390532262183,0.07289999985005124,0.08710000020073494,1.4616390532770045
CP-SPA,1.0349566037211206,0.0801000001047214,0.08810000008452334,1.2031566039103654
CP-SPA,1.0546516426514956,0.07469999991371878,0.10449999990669312,1.2338516424719075
CP-SPA,1.5993569854935388,0.08339999976669787,0.08720000005268957,1.7699569853129262
CP-SPA,1.215515725827561,0.08239999988290947,0.1615999999557971,1.4595157256662676
CP-SPA,2.8175465717481023,0.07950000008349889,0.17600000001039007,3.0730465718419913
CP-SPA,1.901117455345419,0.08029999980863067,0.11709999989761855,2.0985174550516685
CP-SPA,2.987515544010178,0.1277999999729218,0.20150000000285218,3.316815543985952
CP-SPA,1.7551986535302038,0.07389999973383965,0.10689999999158317,1.9359986532556266
CP-SPA,2.0941639400833276,0.1357000001007691,0.1646999999138643,2.394563940097961
CP-SPA,1.1454741446904144,0.136099999963335,0.10689999999158317,1.3884741446453326
CP-SPA,1.1181132601950345,0.11140000015075202,0.16860000005181064,1.3981132603975972
CP-SPA,2.998665096653596,0.14039999996384722,0.2034000003732217,3.342465096990665
CP-SPA,1.921884554642661,0.13560000024881447,0.16709999999875436,2.22458455489023
CP-SPA,1.4020654652076643,0.1351000000795466,0.16289999985019676,1.7000654651374076
CP-SPA,1.7988868525568174,0.13500000022759195,0.23170000031313975,2.165586853097549
CP-SPA,1.210592021623579,0.13540000009015785,0.15389999998660642,1.4998920217003433
CP-SPA,0.7494807983497201,0.10479999991730438,0.16709999999875436,1.021380798265779
CP-SPA,1.6505802847415254,0.09300000010625808,0.19259999999121646,1.936180284839
CP-SPA,2.6063541067531877,0.14270000019678264,0.3133999998681247,3.062454106818095
CP-SPA,2.2318072761347088,0.07469999991371878,0.2524999999877764,2.559007276036204
CP-SPA,2.3269761606290773,0.1029000000016822,0.21850000030099181,2.6483761609317513
CP-SPA,1.8370914707800714,0.07329999971261714,0.18349999982092413,2.0938914703136127
CP-SPA,1.357316763212968,0.07430000005115289,0.19670000028781942,1.6283167635519402
CP-SPA,0.9637907307540687,0.07289999985005124,0.10879999990720535,1.1454907305113253
CP-SPA,2.5532006281526125,0.07299999970200588,0.17040000011547818,2.7966006279700966
CP-SPA,0.7243059515358803,0.07310000000870787,0.1029000000016822,0.9003059515462704
CP-SPA,0.8317206660030925,0.0729000003047986,0.10769999971671496,1.012320666024606
CP-SPA,1.3121352406808935,0.0745999996070168,0.1181000002361543,1.5048352405240646
CP-SPA,0.7048904596390453,0.07410000034724362,0.1986000002034416,0.9775904601897305
CP-SPA,2.891277840789417,0.15669999993406236,0.16959999993559904,3.2175778406590783
CP-SPA,1.5364395540427553,0.0749000000723754,0.1067000002876739,1.7180395544028046
CP-SPA,2.83799762146742,0.0812000002952118,0.10750000001280569,3.0266976217754373
CP-SPA,1.2410116473843629,0.07439999990310753,0.10470000006534974,1.4201116473528201
CP-SPA,2.2287856329833042,0.07330000016736449,0.15699999994467362,2.4590856330953423
CP-SPA,0.9756442363473316,0.0752999999349413,0.10870000005525071,1.1596442363375237
CP-SPA,1.1249713242614443,0.07299999970200588,0.14719999990120414,1.3451713238646543
CP-SPA,2.0319843573059884,0.11489999997138511,0.1403000001118926,2.287184357389266
CP-SPA,1.5612763185232692,0.07400000004054164,0.1071000001502398,1.7423763187140506
CP-SPA,1.3354294079402107,0.07299999970200588,0.10780000002341694,1.5162294076656335
CP-SPA,0.8718175481006836,0.07439999990310753,0.11480000011943048,1.0610175481232216
CP-SPA,1.0932501055079926,0.07289999985005124,0.10350000002290471,1.2696501053809486
CP-SPA,1.4446887429421291,0.0729000003047986,0.10390000034021796,1.6214887435871457
CP-SPA,2.7939747830008406,0.07320000031540985,0.10370000018156134,2.9708747834978118
CP-SPA,1.516384205748274,0.07350000032602111,0.10320000001229346,1.6930842060865885
CP-SPA,2.150697579785136,0.07299999970200588,0.1032999998642481,2.32699757935139
CP-SPA,0.700648230362413,0.07279999999809661,0.10449999990669312,0.8779482302672027
CP-SPA,1.972370748477805,0.07260000029418734,0.10470000006534974,2.1496707488373423
CP-SPA,2.5873209478135863,0.07270000014614197,0.1032999998642481,2.7633209478239764
CP-SPA,0.7221028309007114,0.07239999968078337,0.10740000016085105,0.9019028307423458
CP-SPA,2.6984919467365573,0.07349999987127376,0.10830000019268482,2.880291946800516
CP-SPA,2.9531001930316125,0.07440000035785488,0.11070000027757487,3.1382001936670423
CP-SPA,1.8201075427835232,0.07270000014614197,0.10199999996984843,1.9948075428995138
CP-SPA,2.24515956757027,0.07240000013553072,0.10310000016033882,2.4206595678661396
CP-SPA,2.8843040853799677,0.07249999998748535,0.10390000034021796,3.060704085707671
CP-SPA,1.3972854061807516,0.07289999985005124,0.10220000012850505,1.5723854061593079
CP-SPA,1.9102485069846746,0.09170000021185842,0.1961999996638042,2.198148506860337
CP-SPA,1.1142210131727277,0.0731999998606625,0.10740000016085105,1.2948210131942413
CP-SPA,2.4141112963315914,0.07550000009359792,0.10659999998097192,2.596211296406161
CP-SPA,2.2866448556313466,0.07480000022042077,0.10609999981170404,2.4675448556634714
CP-SPA,0.5605372030866907,0.07340000001931912,0.10330000031899544,0.7372372034250053
CP-SPA,0.7026424911489807,0.07330000016736449,0.10559999964243616,0.8815424909587813
CP-SPA,1.1640559686486631,0.0735999997232284,0.10729999985414906,1.3449559682260406
CP-SPA,2.8403471753801375,0.12289999995118706,0.15940000002956367,3.122647175360888
CP-SPA,0.5333613037769348,0.07580000010420918,0.1173999999082298,0.7265613037893738
CP-SPA,2.3324283041612306,0.07389999973383965,0.10359999987485935,2.5099283037699296
CP-SPA,2.4577887924009953,0.07300000015675323,0.10130000009667128,2.63208879265442
CP-SPA,2.2550470548849395,0.07279999999809661,0.10740000016085105,2.435247055043887
CP-SPA,1.2364283893448362,0.07350000032602111,0.10300000030838419,1.4129283899792415
CP-SPA,1.5433873253259842,0.07349999987127376,0.10609999981170404,1.722987325008962
CP-SPA,1.9703995759784831,0.07310000000870787,0.10339999971620273,2.1468995757033937
CP-SPA,0.8820691079580449,0.07269999969139462,0.1038999998854706,1.0586691075349102
CP-SPA,2.1552605388788546,0.07640000012543169,0.11809999978140695,2.3497605387856932
CP-SPA,2.152506942718867,0.07360000017797574,0.10509999992791563,2.331206942824758
CP-SPA,2.4372361300908043,0.07270000014614197,0.10240000028716167,2.612336130524108
CP-SPA,2.9296667137442314,0.08350000007339986,0.1895999998851039,3.202766713702735
CP-SPA,2.6298890714329364,0.07310000000870787,0.1059999999597494,2.8089890714013936
CP-SPA,2.922529515989897,0.07309999955396052,0.10470000006534974,3.100329515609207
CP-SPA,1.9910118012761304,0.07389999973383965,0.11390000008759671,2.178811801097567
CP-SPA,1.1995938371261659,0.07379999988188501,0.1032999998642481,1.376693836872299
CP-SPA,2.75222027240137,0.09129999989454518,0.19470000006549526,3.0382202723614102
CP-SPA,1.6737621893521824,0.07310000000870787,0.14689999989059288,1.893762189251483
CP-SPA,1.3072553228827586,0.07269999969139462,0.10800000018207356,1.4879553227562268
CP-SPA,1.486427170100709,0.07289999985005124,0.1019000001178938,1.661227170068654
CP-SPA,2.610423925072259,0.07279999999809661,0.11139999969600467,2.7946239247663605
CP-SPA,2.889652843877731,0.07279999999809661,0.10430000020278385,3.0667528440786116
CP-SPA,2.5166739316062365,0.08079999997789855,0.1376999998683459,2.735173931452481
CP-SPA,0.5555013765974819,0.0752999999349413,0.10310000016033882,0.733901376692762
CP-SPA,2.786586838933953,0.12689999994108803,0.3971000001001812,3.3105868389752224
CP-SPA,1.9004514516572293,0.07310000000870787,0.10620000011840602,2.0797514517843427
CP-SPA,2.8228716535175,0.07300000015675323,0.10089999977935804,2.996771653453611
CP-SPA,1.0412308557184946,0.051900000016757986,0.07000000005064066,1.1631308557858933
CP-SPA,1.5054803471248666,0.04279999984646565,0.04060000037497957,1.5888803473463118
CP-SPA,1.5127255311985284,0.0455999997939216,0.04330000001573353,1.6016255310081835
CP-SPA,2.014880361206106,0.07310000000870787,0.10400000019217259,2.1919803614069866
CP-SPA,0.5435770863607626,0.0729000003047986,0.1005000003715395,0.7169770870371007
CP-SPA,1.2225502108767725,0.07269999969139462,0.10370000018156134,1.3989502107497285
CP-SPA,1.7372272571838803,0.07279999999809661,0.10350000002290471,1.9135272572048816
CP-SPA,1.1046466662546581,0.07260000029418734,0.10499999962121365,1.2822466661700591
CP-SPA,1.521591674271227,0.07270000014614197,0.10659999998097192,1.7008916743983409
CP-SPA,2.6307325543524303,0.08800000023256871,0.2283000003444613,2.9470325549294603
CP-SPA,2.3446286820418054,0.07360000017797574,0.10370000018156134,2.5219286824013425
CP-SPA,1.2636011629386807,0.07270000014614197,0.10399999973742524,1.440301162822248
CP-SPA,0.682492479000891,0.0729000003047986,0.10210000027655042,0.8574924795822401
CP-SPA,2.155538889888524,0.07320000031540985,0.10330000031899544,2.3320388905229295
CP-SPA,2.344652973346909,0.07259999983943999,0.10320000001229346,2.5204529731986423
CP-SPA,1.2160194867289917,0.0731999998606625,0.10350000002290471,1.392719486612559
CP-SPA,0.8045793445833124,0.0853000001370674,0.21169999990888755,1.1015793446292672
CP-SPA,1.84466260757894,0.07409999989249627,0.10420000035082921,2.022962607822265
CP-SPA,1.9675343369531801,0.07310000000870787,0.10479999991730438,2.1454343368791924
CP-SPA,2.873940911742094,0.07349999987127376,0.10280000014972757,3.0502409117630953
CP-SPA,2.6104745915221645,0.07249999998748535,0.10619999966365867,2.7891745911733086
CP-SPA,1.1745789120804548,0.07240000013553072,0.10400000019217259,1.3509789124081582
CP-SPA,1.7509416462965752,0.08770000022195745,0.16880000021046726,2.0074416467289997
CP-SPA,1.079500659572435,0.11129999984405003,0.17799999977796688,1.368800659194452
CP-SPA,1.8181542851164172,0.0752999999349413,0.11240000003454043,2.005854285085899
CP-SPA,1.3353401855114417,0.0932000002649147,0.09940000018104911,1.5279401859574055
CP-SPA,1.5860176724664303,0.07349999987127376,0.11760000006688642,1.7771176724045905
CP-SPA,1.6410189043288217,0.07340000001931912,0.10969999993903912,1.82411890428718
CP-SPA,0.6814082711577741,0.07279999999809661,0.10490000022400636,0.8591082713798771
CP-SPA,2.614170438691173,0.07299999970200588,0.10440000005473848,2.791570438447917
CP-SPA,2.4393847185371684,0.1111999999920954,0.15110000003915047,2.7016847185684143
CP-SPA,1.332522052551556,0.07370000002993038,0.10509999992791563,1.511322052509402
CP-SPA,2.7011292479515476,0.07340000001931912,0.10490000022400636,2.879429248194873
CP-SPA,2.8714387141420636,0.07340000001931912,0.10889999975915998,3.0537387139205427
CP-SPA,2.149173549824282,0.073900000188587,0.10479999991730438,2.3278735499301733
CP-SPA,1.9196729285657685,0.07260000029418734,0.10199999996984843,2.0942729288298043
CP-SPA,2.0295053094711117,0.07279999999809661,0.1029000000016822,2.2052053094708906
CP-SPA,2.8918313663056443,0.07279999999809661,0.10280000014972757,3.0674313664534685
CP-SPA,0.584634223737044,0.07279999999809661,0.10139999994862592,0.7588342236837665
CP-SPA,1.593057693206779,0.07289999985005124,0.10299999985363684,1.7689576929104671
CP-SPA,2.2842543351993077,0.0855999996929313,0.11459999996077386,2.484454334853013
CP-SPA,2.8481435414731275,0.07310000000870787,0.10370000018156134,3.0249435416633967
CP-SPA,2.856174949456105,0.07249999998748535,0.11170000016136328,3.0403749496049537
CP-SPA,2.8716004264957458,0.07450000020980951,0.10929999962172587,3.055400426327281
CP-SPA,2.0128894484658644,0.07340000001931912,0.10320000001229346,2.189489448497477
CP-SPA,2.269284951582985,0.07249999998748535,0.1029000000016822,2.4446849515721527
CP-SPA,1.3839095315380003,0.07240000013553072,0.10369999972681399,1.560009531400345
CP-SPA,1.7800466500818526,0.07310000000870787,0.10530000008657225,1.9584466501771325
CP-SPA,1.833334294019466,0.07329999971261714,0.10440000005473848,2.0110342937868215
CP-SPA,1.3308712096234727,0.07310000000870787,0.10819999988598283,1.5121712095181634
CP-SPA,0.6569091674231397,0.07289999985005124,0.10109999993801466,0.8309091672112056
CP-SPA,0.6032335869519521,0.07279999999809661,0.11010000025635236,0.786133587206401
CP-SPA,2.5173809859456626,0.07279999999809661,0.1042999997480365,2.6944809856917957
CP-SPA,2.656540509322369,0.08539999998902204,0.20630000017263228,2.948240509484023
CP-SPA,1.3542756354268157,0.07519999962823931,0.11580000000321888,1.545275635058274
CP-SPA,2.9606263489153344,0.07260000029418734,0.10060000022349413,3.133826349433016
CP-SPA,2.7223764761627094,0.07300000015675323,0.10210000027655042,2.897476476596013
CP-SPA,2.5897478815484374,0.07310000000870787,0.10419999989608186,2.767047881453227
CP-SPA,0.8072780437446019,0.07270000014614197,0.10229999998045969,0.9822780438712037
CP-SPA,2.503848279659515,0.0729000003047986,0.10450000036144047,2.6812482803257542
CP-SPA,2.0144056289231664,0.07349999987127376,0.1042999997480365,2.1922056285424767
CP-SPA,1.4183740100653883,0.07259999983943999,0.11300000005576294,1.6039740099605913
CP-SPA,0.8534129588743534,0.07289999985005124,0.105000000075961,1.0313129588003656
CP-SPA,2.266263893453685,0.07500000037907739,0.11510000013004174,2.4563638939628043
CP-SPA,0.6181212213526797,0.07300000015675323,0.10199999996984843,0.7931212214792813
CP-SPA,2.2076994068758165,0.07289999985005124,0.105000000075961,2.3855994068018287
CP-SPA,1.3326113379825084,0.07540000024164328,0.18050000016955892,1.5885113383937106
CP-SPA,0.9826723350528739,0.07260000029418734,0.105000000075961,1.1602723354230222
CP-SPA,1.8471311117146074,0.0729000003047986,0.1038999998854706,2.0239311119048766
CP-SPA,1.5119681184890836,0.07310000000870787,0.11279999989710632,1.6978681183948978
CP-SPA,2.1944864971652165,0.07300000015675323,0.10640000027706265,2.3738864975990324
CP-SPA,1.0738296156399487,0.07329999971261714,0.10359999987485935,1.2507296152274252
CP-SPA,0.7239812186857879,0.07379999988188501,0.11719999974957318,0.9149812183172461
CP-SPA,1.6438139077408334,0.0729000003047986,0.10419999989608186,1.8209139079417138
CP-SPA,2.265393505552463,0.07409999989249627,0.10419999989608186,2.443693505341041
CP-SPA,1.5512040677407442,0.07310000000870787,0.1071000001502398,1.7314040678996918
CP-SPA,2.272870792361257,0.07310000000870787,0.10449999990669312,2.450470792276658
CP-SPA,0.6596289578223054,0.07270000014614197,0.10109999993801466,0.833428957906462
CP-SPA,2.136635251124791,0.07249999998748535,0.10220000012850505,2.311335251240781
CP-SPA,2.6933465463772714,0.07310000000870787,0.10369999972681399,2.8701465461127933
CP-SPA,0.583850728751689,0.07349999987127376,0.10320000001229346,0.7605507286352562
CP-SPA,1.5414938999355619,0.07599999980811845,0.18520000003263704,1.8026938997763173
CP-SPA,1.2251929258236511,0.07300000015675323,0.10530000008657225,1.4034929260669766
CP-SPA,0.5825078776090862,0.07270000014614197,0.10419999989608186,0.75940787765131
CP-SPA,2.887534898196755,0.07269999969139462,0.10479999991730438,3.065034897805454
CP-SPA,2.5407629997741203,0.07379999988188501,0.12210000022605527,2.7366629998820606
CP-SPA,1.3206926252833022,0.07270000014614197,0.10370000018156134,1.4970926256110055
CP-SPA,1.2855647426148307,0.07279999999809661,0.12419999984558672,1.482564742458514
CP-SPA,2.469604871393888,0.07259999983943999,0.09850000014921534,2.6407048713825434
CP-SPA,1.5126421123052318,0.07950000008349889,0.08019999995667604,1.6723421123454068
CP-SPA,2.2247158835066205,0.07259999983943999,0.10669999983292655,2.404015883178987
CP-SPA,0.7965893600485625,0.07189999996626284,0.14939999982743757,1.017889359842263
CP-SPA,0.7231329934643297,0.07389999973383965,0.12900000001536682,0.9260329932135362
CP-SPA,2.771952159098934,0.0698000003467314,0.10300000030838419,2.94475215975405
CP-SPA,1.8069824101509417,0.10979999979099375,0.09279999994760146,2.009582409889537
CP-SPA,1.6044532532651286,0.08800000023256871,0.1388000000588363,1.8312532535565336
CP-SPA,0.603836007795422,0.050099999953090446,0.09419999969395576,0.7481360074424682
CP-SPA,0.5290480425631446,0.04350000017439015,0.06549999989147182,0.6380480426290066
CP-SPA,0.9324138177330478,0.05800000008093775,0.06299999995462713,1.0534138177686125
CP-SPA,1.297497253022771,0.04739999985758914,0.051699999858101364,1.3965972527384616
CP-SPA,2.712337645548001,0.0442000000475673,0.04269999999451102,2.7992376455900794
CP-SPA,0.9522212569270142,0.05429999964690069,0.0617999999121821,1.068321256486097
CP-SPA,0.5432449547083666,0.04649999982575537,0.04399999988891068,0.6337449544230327
CP-SPA,0.854026722710406,0.07460000006176415,0.10760000031950767,1.0362267230916777
